Source,Target,Weight
1,1786,Inf
1,1787,3636.203
1,1788,3497.855
1,1789,3405.599
1,1790,3343.351
1,1791,3308.347
1,1792,3288.927
1,127,Inf
1,128,3408.49
1,129,3173.703
1,130,2987.993
1,131,2840.804
1,132,2725.699
1,133,2629.842
1,1933,Inf
1,1934,3694.268
1,1935,3574.286
1,1936,3491.523
1,1937,3449.056
1,1938,3434.547
1,1939,3442.454
1,46467,Inf
1,46468,4080.805
1,46469,3805.174
1,46470,3589.765
1,46471,3432.913
1,46472,3319.291
1,46473,3238.459
1,44808,Inf
1,44809,3328.333
1,44810,3241.104
1,44811,3187.39
1,44812,3175.139
1,44813,3278.935
1,44814,3407.724
1,46614,Inf
1,46615,3922.223
1,46616,3643.552
1,46617,3430.722
1,46618,3265.122
1,46619,3134.628
1,46620,3015.669
1,44738,Inf
1,44739,3330.887
1,44740,3228.454
1,44741,3160.111
1,44742,3123.473
1,44743,3108.493
1,44744,3117.061
2,1786,3206.109
2,1787,2798.81
2,1788,2534.2
2,1789,2340.199
2,1790,2196.467
2,1791,2094.181
2,1792,2021.137
2,127,1848.362
2,128,3488.792
2,129,3244.927
2,130,3050.977
2,131,2896.971
2,132,2773.388
2,133,2673.996
2,1933,3206.109
2,1934,2214.108
2,1935,3386.659
2,1936,3222.073
2,1937,3100.638
2,1938,3009.673
2,1939,2942.872
2,46467,3206.109
2,46468,3072.026
2,46469,2861.41
2,46470,2695.763
2,46471,2577.233
2,46472,3566.132
2,46473,3478.544
2,44808,1848.362
2,44809,3158.487
2,44810,3217.315
2,44811,3288.988
2,44812,3349.448
2,44813,3414.824
2,44814,3505.865
2,46614,3206.109
2,46615,3291.914
2,46616,3054.674
2,46617,2873.676
2,46618,2732.706
2,46619,2621.306
2,46620,3322.812
2,44738,1848.362
2,44739,3076.16
2,44740,2946.697
2,44741,2857.536
2,44742,2846.198
2,44743,2909.912
2,44744,2998.327
3,1786,3100.586
3,1787,1639.143
3,1788,2542.709
3,1789,2325.078
3,1790,2161.87
3,1791,2043.289
3,1792,1956.582
3,127,2067.057
3,128,3489.318
3,129,3245.409
3,130,3051.425
3,131,2897.391
3,132,2773.785
3,133,2674.374
3,1933,3100.586
3,1934,2149.584
3,1935,2037.89
3,1936,3254.022
3,1937,3131.134
3,1938,3039.037
3,1939,2971.355
3,46467,3100.586
3,46468,2960.772
3,46469,2757.326
3,46470,2597.168
3,46471,2482.864
3,46472,2402.022
3,46473,2346.292
3,44808,2067.057
3,44809,3136.683
3,44810,3196.444
3,44811,3268.761
3,44812,3329.649
3,44813,3395.286
3,44814,3486.457
3,46614,3100.586
3,46615,3156.694
3,46616,2928.342
3,46617,2754.173
3,46618,2618.487
3,46619,2511.183
3,46620,2410.128
3,44738,2067.057
3,44739,2994.04
3,44740,2867.792
3,44741,2780.783
3,44742,2770.799
3,44743,2835.256
3,44744,2923.93
4,1786,3035.275
4,1787,1591.264
4,1788,1456.707
4,1789,2322.741
4,1790,2138.582
4,1791,2002.374
4,1792,1900.754
4,127,2288.276
4,128,3504.446
4,129,3259.289
4,130,3064.308
4,131,2909.466
4,132,2785.198
4,133,2685.24
4,1933,3035.275
4,1934,2094.975
4,1935,1986.936
4,1936,1899.742
4,1937,3143.786
4,1938,3051.219
4,1939,2983.172
4,46467,3035.275
4,46468,2857.835
4,46469,2661.024
4,46470,2505.943
4,46471,2395.55
4,46472,2317.72
4,46473,2264.297
4,44808,2288.276
4,44809,3120.886
4,44810,3181.323
4,44811,3254.107
4,44812,3315.305
4,44813,3381.131
4,44814,3472.395
4,46614,3035.275
4,46615,3057.6
4,46616,2835.762
4,46617,2666.596
4,46618,2534.783
4,46619,2430.481
4,46620,2331.743
4,44738,2288.276
4,44739,2914.689
4,44740,2791.547
4,44741,2706.617
4,44742,2697.943
4,44743,2763.116
4,44744,2852.042
5,1786,2999.405
5,1787,1514.128
5,1788,1400.998
5,1789,1295.076
5,1790,2137.287
5,1791,1981.596
5,1792,1863.451
5,127,2511.129
5,128,3511.389
5,129,3265.658
5,130,3070.219
5,131,2915.007
5,132,2790.435
5,133,2690.226
5,1933,2999.405
5,1934,2049.401
5,1935,1944.412
5,1936,1859.57
5,1937,1800.105
5,1938,3055.58
5,1939,2987.403
5,46467,2999.405
5,46468,2782.385
5,46469,2590.436
5,46470,2439.077
5,46471,2331.551
5,46472,2255.929
5,46473,2204.197
5,44808,2511.129
5,44809,3103.388
5,44810,3164.574
5,44811,3237.876
5,44812,3299.417
5,44813,3365.451
5,44814,3456.82
5,46614,2999.405
5,46615,2986.758
5,46616,2769.576
5,46617,2603.989
5,46618,2474.944
5,46619,2372.787
5,46620,2275.706
5,44738,2511.129
5,44739,2870.575
5,44740,2749.16
5,44741,2665.386
5,44742,2657.44
5,44743,2723.012
5,44744,2812.077
6,1786,2968.176
6,1787,1409.465
6,1788,1319.32
6,1789,1232.697
6,1790,1146.037
6,1791,1981.344
6,1792,1845.013
6,127,2718.817
6,128,3516.4
6,129,3270.256
6,130,3074.487
6,131,2919.007
6,132,2794.216
6,133,2693.825
6,1933,2968.176
6,1934,2022.843
6,1935,1919.632
6,1936,1836.16
6,1937,1777.759
6,1938,1735.919
6,1939,2990.925
6,46467,2968.176
6,46468,2731.979
6,46469,2543.278
6,46470,2394.406
6,46471,2288.794
6,46472,2214.648
6,46473,2164.045
6,44808,2718.817
6,44809,3085.891
6,44810,3147.827
6,44811,3221.645
6,44812,3283.53
6,44813,3349.773
6,44814,3441.247
6,46614,2968.176
6,46615,2930.487
6,46616,2717.004
6,46617,2554.258
6,46618,2427.412
6,46619,2326.96
6,46620,2231.195
6,44738,2718.817
6,44739,2851.458
6,44740,2730.792
6,44741,2647.519
6,44742,2639.888
6,44743,2705.633
6,44744,2794.759
7,1786,2962.907
7,1787,1278.038
7,1788,1211.838
7,1789,1145.451
7,1790,1076.271
7,1791,1007.55
7,1792,1842.999
7,127,2932.978
7,128,3524.612
7,129,3277.789
7,130,3081.48
7,131,2925.561
7,132,2860.663
7,133,2896.783
7,1933,2962.907
7,1934,2066.791
7,1935,1960.639
7,1936,1874.899
7,1937,1814.737
7,1938,1771.524
7,1939,1741.853
7,46467,2962.907
7,46468,2679.649
7,46469,2494.321
7,46470,2348.03
7,46471,2244.406
7,46472,2171.791
7,46473,2122.362
7,44808,2932.978
7,44809,3068.867
7,44810,3131.531
7,44811,3205.853
7,44812,3268.071
7,44813,3334.518
7,44814,3426.093
7,46614,2962.907
7,46615,2899.507
7,46616,2688.06
7,46617,2526.879
7,46618,2401.244
7,46619,2301.73
7,46620,2206.69
7,44738,2932.978
7,44739,2832.466
7,44740,2712.543
7,44741,2629.768
7,44742,2622.451
7,44743,2688.366
7,44744,2777.553
8,1786,Inf
8,1787,3636.203
8,1788,3497.855
8,1789,3405.599
8,1790,3343.351
8,1791,3308.347
8,1792,3288.927
8,127,Inf
8,128,3408.49
8,129,3173.703
8,130,2987.993
8,131,2840.804
8,132,2725.699
8,133,2629.842
8,1933,Inf
8,1934,3694.268
8,1935,3574.286
8,1936,3491.523
8,1937,3449.056
8,1938,3434.547
8,1939,3442.454
8,46467,Inf
8,46468,4080.805
8,46469,3805.174
8,46470,3589.765
8,46471,3432.913
8,46472,3319.291
8,46473,3238.459
8,44808,Inf
8,44809,3328.333
8,44810,3241.104
8,44811,3187.39
8,44812,3175.139
8,44813,3278.935
8,44814,3407.724
8,46614,Inf
8,46615,3922.223
8,46616,3643.552
8,46617,3430.722
8,46618,3265.122
8,46619,3134.628
8,46620,3015.669
8,44738,Inf
8,44739,3330.887
8,44740,3228.454
8,44741,3160.111
8,44742,3123.473
8,44743,3108.493
8,44744,3117.061
9,1786,730.2064
9,1787,4179.505
9,1788,4023.342
9,1789,3924.617
9,1790,3863.867
9,1791,3831.552
9,1792,3821.194
9,127,4421.806
9,128,3261.479
9,129,2980.622
9,130,2756.061
9,131,2575.285
9,132,2430.302
9,133,2308.345
9,1933,4421.806
9,1934,3974.468
9,1935,3842.491
9,1936,3751.447
9,1937,3703.485
9,1938,3685.624
9,1939,3691.863
9,46467,730.2064
9,46468,4671.68
9,46469,4379.736
9,46470,4157.464
9,46471,3987.537
9,46472,3857.96
9,46473,3760.164
9,44808,4421.806
9,44809,3451.347
9,44810,3358.852
9,44811,3301.503
9,44812,3286.839
9,44813,3389.164
9,44814,3517.22
9,46614,4421.806
9,46615,3765.62
9,46616,3497.243
9,46617,3292.322
9,46618,3132.84
9,46619,3007.091
9,46620,2891.795
9,44738,730.2064
9,44739,3905.382
9,44740,3765.683
9,44741,3675.804
9,44742,3628.958
9,44743,3616.112
9,44744,3626.607
10,1786,822.0821
10,1787,4207.49
10,1788,4050.232
10,1789,3950.774
10,1790,3889.562
10,1791,3856.995
10,1792,3846.548
10,127,4110.411
10,128,4436.674
10,129,2991.784
10,130,2760.084
10,131,2573.231
10,132,2422.972
10,133,2296.405
10,1933,4110.411
10,1934,3992.757
10,1935,3859.997
10,1936,3768.413
10,1937,3720.092
10,1938,3702.012
10,1939,3708.142
10,46467,822.0821
10,46468,4676.689
10,46469,4384.422
10,46470,4161.902
10,46471,3991.786
10,46472,3862.062
10,46473,3764.154
10,44808,4110.411
10,44809,3458.634
10,44810,3365.827
10,44811,3308.262
10,44812,3293.456
10,44813,3395.693
10,44814,3523.706
10,46614,4110.411
10,46615,5104.244
10,46616,3471.378
10,46617,3267.855
10,46618,3109.456
10,46619,2984.545
10,46620,2869.896
10,44738,822.0821
10,44739,3925.268
10,44740,3784.791
10,44741,3694.39
10,44742,3647.216
10,44743,3634.19
10,44744,3644.622
11,1786,914.7127
11,1787,4224.193
11,1788,4066.281
11,1789,3966.385
11,1790,3904.898
11,1791,3872.179
11,1792,3861.68
11,127,3859.18
11,128,4449.514
11,129,4059.908
11,130,2770.178
11,131,2576.766
11,132,2420.827
11,133,2289.297
11,1933,3859.18
11,1934,4011.044
11,1935,3877.502
11,1936,3785.377
11,1937,3736.697
11,1938,3718.399
11,1939,3724.42
11,46467,914.7127
11,46468,4680.325
11,46469,4387.824
11,46470,4165.126
11,46471,3994.87
11,46472,3865.04
11,46473,3767.051
11,44808,3859.18
11,44809,3469.245
11,44810,3375.983
11,44811,3318.105
11,44812,3303.09
11,44813,3405.201
11,44814,3533.15
11,46614,3859.18
11,46615,5135.331
11,46616,4776.92
11,46617,3243.391
11,46618,3086.074
11,46619,2962.001
11,46620,2848
11,44738,914.7127
11,44739,3945.151
11,44740,3803.895
11,44741,3712.974
11,44742,3665.471
11,44743,3652.266
11,44744,3662.635
12,1786,1009.232
12,1787,4240.848
12,1788,4082.284
12,1789,3981.951
12,1790,3920.189
12,1791,3887.32
12,1792,3876.768
12,127,3658.466
12,128,4451.371
12,129,4070.512
12,130,3750.031
12,131,2585.966
12,132,2423.938
12,133,2287.088
12,1933,3658.466
12,1934,4029.333
12,1935,3895.008
12,1936,3802.342
12,1937,3753.304
12,1938,3734.787
12,1939,3740.698
12,46467,1009.232
12,46468,4697.634
12,46469,4404.018
12,46470,4180.465
12,46471,4009.552
12,46472,3879.216
12,46473,3780.839
12,44808,3658.466
12,44809,3482.131
12,44810,3388.318
12,44811,3330.059
12,44812,3314.791
12,44813,3416.747
12,44814,3544.621
12,46614,3658.466
12,46615,5157.938
12,46616,4798.042
12,46617,4522.807
12,46618,3065.474
12,46619,2942.141
12,46620,2828.709
12,44738,1009.232
12,44739,3965.035
12,44740,3823.001
12,44741,3731.559
12,44742,3683.728
12,44743,3670.343
12,44744,3680.649
13,1786,1105.957
13,1787,4257.501
13,1788,4098.286
13,1789,3997.517
13,1790,3935.48
13,1791,3902.461
13,1792,3891.855
13,127,3497.836
13,128,4442.816
13,129,4071.761
13,130,3759.424
13,131,3492.215
13,132,2440.289
13,133,2297.199
13,1933,3497.836
13,1934,4598.752
13,1935,3912.513
13,1936,3819.307
13,1937,3769.91
13,1938,3751.175
13,1939,3756.977
13,46467,1105.957
13,46468,4720.306
13,46469,4425.228
13,46470,4200.557
13,46471,4028.783
13,46472,3897.783
13,46473,3798.897
13,44808,3497.836
13,44809,4705.665
13,44810,3402.052
13,44811,3343.369
13,44812,3327.821
13,44813,3429.605
13,44814,3557.393
13,46614,3497.836
13,46615,5180.417
13,46616,4819.043
13,46617,4542.673
13,46618,4327.905
13,46619,2924.163
13,46620,2811.248
13,44738,1105.957
13,44739,3984.919
13,44740,3842.107
13,44741,3750.144
13,44742,3701.985
13,44743,3688.42
13,44744,3698.663
14,1786,1204.865
14,1787,4276.167
14,1788,4116.22
14,1789,4014.963
14,1790,3952.618
14,1791,3919.429
14,1792,3908.765
14,127,3368.703
14,128,4431.641
14,129,4070.738
14,130,3766.819
14,131,3506.717
14,132,3281.972
14,133,2332.227
14,1933,3368.703
14,1934,4609.72
14,1935,3930.019
14,1936,3836.272
14,1937,3786.517
14,1938,3767.562
14,1939,3773.256
14,46467,1204.865
14,46468,4742.555
14,46469,4446.043
14,46470,4220.275
14,46471,4047.655
14,46472,3916.004
14,46473,3816.62
14,44808,3368.703
14,44809,4724.256
14,44810,3415.158
14,44811,3356.071
14,44812,3340.254
14,44813,3441.874
14,44814,3569.581
14,46614,3368.703
14,46615,5202.652
14,46616,4839.816
14,46617,4562.324
14,46618,4346.686
14,46619,4177.407
14,46620,2793.785
14,44738,1204.865
14,44739,4004.806
14,44740,3861.215
14,44741,3768.73
14,44742,3720.244
14,44743,3706.499
14,44744,3716.679
15,1786,Inf
15,1787,3636.203
15,1788,3497.855
15,1789,3405.599
15,1790,3343.351
15,1791,3308.347
15,1792,3288.927
15,127,Inf
15,128,3408.49
15,129,3173.703
15,130,2987.993
15,131,2840.804
15,132,2725.699
15,133,2629.842
15,1933,Inf
15,1934,3694.268
15,1935,3574.286
15,1936,3491.523
15,1937,3449.056
15,1938,3434.547
15,1939,3442.454
15,46467,Inf
15,46468,4080.805
15,46469,3805.174
15,46470,3589.765
15,46471,3432.913
15,46472,3319.291
15,46473,3238.459
15,44808,Inf
15,44809,3328.333
15,44810,3241.104
15,44811,3187.39
15,44812,3175.139
15,44813,3278.935
15,44814,3407.724
15,46614,Inf
15,46615,3922.223
15,46616,3643.552
15,46617,3430.722
15,46618,3265.122
15,46619,3134.628
15,46620,3015.669
15,44738,Inf
15,44739,3330.887
15,44740,3228.454
15,44741,3160.111
15,44742,3123.473
15,44743,3108.493
15,44744,3117.061
16,1786,487.2683
16,1787,2744.206
16,1788,2650.748
16,1789,2583.594
16,1790,2542.379
16,1791,2522.285
16,1792,2512.074
16,127,2950.68
16,128,4099.793
16,129,3860.176
16,130,3671.542
16,131,3523.244
16,132,3409.105
16,133,3314.041
16,1933,2950.68
16,1934,3688.284
16,1935,3517.935
16,1936,3381.064
16,1937,3282.635
16,1938,3210.142
16,1939,3158.254
16,46467,487.2683
16,46468,3168.653
16,46469,2943.946
16,46470,2784.372
16,46471,2660.91
16,46472,2565.147
16,46473,2491.744
16,44808,2950.68
16,44809,3672.192
16,44810,3521.589
16,44811,3404.859
16,44812,3330.787
16,44813,3376.36
16,44814,3442.704
16,46614,2950.68
16,46615,4397.601
16,46616,4059.261
16,46617,3791.669
16,46618,3574.73
16,46619,3395.447
16,46620,3228.181
16,44738,487.2683
16,44739,2528.099
16,44740,2449.177
16,44741,2406.883
16,44742,2392.314
16,44743,2399.816
16,44744,2420.188
17,1786,540.7463
17,1787,2717.626
17,1788,2625.208
17,1789,2558.751
17,1790,2517.975
17,1791,2498.121
17,1792,2487.993
17,127,2703.732
17,128,4107.317
17,129,3989.964
17,130,3797.091
17,131,3645.448
17,132,3528.745
17,133,3431.476
17,1933,2703.732
17,1934,3818.385
17,1935,3643.761
17,1936,3503.229
17,1937,3402.032
17,1938,3327.328
17,1939,3273.666
17,46467,540.7463
17,46468,3138.92
17,46469,2916.129
17,46470,2758.022
17,46471,2635.69
17,46472,2540.797
17,46473,2468.06
17,44808,2703.732
17,44809,3774.347
17,44810,3621.68
17,44811,3503.179
17,44812,3428.119
17,44813,3476.234
17,44814,3545.417
17,46614,2703.732
17,46615,4413.397
17,46616,4160.019
17,46617,3887.927
17,46618,3667.198
17,46619,3484.63
17,46620,3313.899
17,44738,540.7463
17,44739,2487.109
17,44740,2409.792
17,44741,2368.571
17,44742,2354.679
17,44743,2362.551
17,44744,2383.053
18,1786,591.794
18,1787,2690.658
18,1788,2599.296
18,1789,2533.546
18,1790,2493.214
18,1791,2473.604
18,1792,2463.562
18,127,2496.784
18,128,4108.088
18,129,3997.289
18,130,3928.914
18,131,3773.506
18,132,3653.891
18,133,3554.11
18,1933,2496.784
18,1934,3954.025
18,1935,3774.648
18,1936,3630.049
18,1937,3525.748
18,1938,3448.55
18,1939,3392.872
18,46467,591.794
18,46468,3108.924
18,46469,2888.066
18,46470,2731.439
18,46471,2610.246
18,46472,2516.231
18,46473,2444.167
18,44808,2496.784
18,44809,3877.298
18,44810,3722.362
18,44811,3601.906
18,44812,3525.708
18,44813,3576.348
18,44814,3648.354
18,46614,2496.784
18,46615,4377.541
18,46616,4181.106
18,46617,3987.9
18,46618,3762.964
18,46619,3576.761
18,46620,3402.238
18,44738,591.794
18,44739,2447.004
18,44740,2371.256
18,44741,2331.087
18,44742,2317.856
18,44743,2326.09
18,44744,2346.72
19,1786,640.2104
19,1787,2668.12
19,1788,2577.64
19,1789,2512.48
19,1790,2472.521
19,1791,2453.114
19,1792,2443.143
19,127,2320.763
19,128,4111.155
19,129,4007.165
19,130,3944.612
19,131,3915.751
19,132,3792.488
19,133,3689.565
19,1933,2320.763
19,1934,4095.692
19,1935,3911.053
19,1936,3761.957
19,1937,3654.201
19,1938,3574.209
19,1939,3516.259
19,46467,640.2104
19,46468,3078.213
19,46469,2859.335
19,46470,2704.222
19,46471,2584.196
19,46472,2491.08
19,46473,2419.704
19,44808,2320.763
19,44809,3979.835
19,44810,3822.494
19,44811,3699.951
19,44812,3622.51
19,44813,3675.691
19,44814,3750.536
19,46614,2320.763
19,46615,4333.667
19,46616,4146.429
19,46617,4013.239
19,46618,3861.331
19,46619,3671.174
19,46620,3492.562
19,44738,640.2104
19,44739,2409.32
19,44740,2335.048
19,44741,2295.866
19,44742,2283.257
19,44743,2291.832
19,44744,2312.58
20,1786,687.3801
20,1787,2647.152
20,1788,2557.493
20,1789,2492.882
20,1790,2453.269
20,1791,2434.052
20,1792,2424.148
20,127,2173.992
20,128,4112.577
20,129,4015.854
20,130,3959.522
20,131,3936.091
20,132,3941.996
20,133,3835.409
20,1933,2173.992
20,1934,4233.867
20,1935,4053.15
20,1936,3899.118
20,1937,3787.546
20,1938,3704.456
20,1939,3643.973
20,46467,687.3801
20,46468,3046.525
20,46469,2829.689
20,46470,2676.14
20,46471,2557.317
20,46472,2465.129
20,46473,2394.463
20,44808,2173.992
20,44809,4076.802
20,44810,3926.029
20,44811,3801.086
20,44812,3722.156
20,44813,3777.783
20,44814,3855.392
20,46614,2173.992
20,46615,4283.056
20,46616,4105.64
20,46617,3980.286
20,46618,3891.582
20,46619,3768.691
20,46620,3585.663
20,44738,687.3801
20,44739,2369.279
20,44740,2296.575
20,44741,2258.442
20,44742,2246.493
20,44743,2255.43
20,44744,2276.306
21,1786,733.2532
21,1787,2626.657
21,1788,2537.8
21,1789,2473.727
21,1790,2434.452
21,1791,2415.419
21,1792,2405.58
21,127,2050.116
21,128,4103.515
21,129,4014.877
21,130,3965.422
21,131,3947.953
21,132,3959.118
21,133,3984.386
21,1933,2050.116
21,1934,4242.31
21,1935,4201.415
21,1936,4041.983
21,1937,3926.216
21,1938,3839.709
21,1939,3776.419
21,46467,733.2532
21,46468,3013.725
21,46469,2799.003
21,46470,2647.072
21,46471,2529.495
21,46472,2438.267
21,46473,2368.336
21,44808,2050.116
21,44809,4047.197
21,44810,4032.65
21,44811,3905.012
21,44812,3824.36
21,44813,3882.352
21,44814,3962.661
21,46614,2050.116
21,46615,4229.585
21,46616,4062.476
21,46617,3945.364
21,46618,3863.377
21,46619,3806.922
21,46620,3684.809
21,44738,733.2532
21,44739,2322.109
21,44740,2251.251
21,44741,2214.354
21,44742,2203.184
21,44743,2212.546
21,44744,2233.571
22,1786,Inf
22,1787,3636.203
22,1788,3497.855
22,1789,3405.599
22,1790,3343.351
22,1791,3308.347
22,1792,3288.927
22,127,Inf
22,128,3408.49
22,129,3173.703
22,130,2987.993
22,131,2840.804
22,132,2725.699
22,133,2629.842
22,1933,Inf
22,1934,3694.268
22,1935,3574.286
22,1936,3491.523
22,1937,3449.056
22,1938,3434.547
22,1939,3442.454
22,46467,Inf
22,46468,4080.805
22,46469,3805.174
22,46470,3589.765
22,46471,3432.913
22,46472,3319.291
22,46473,3238.459
22,44808,Inf
22,44809,3328.333
22,44810,3241.104
22,44811,3187.39
22,44812,3175.139
22,44813,3278.935
22,44814,3407.724
22,46614,Inf
22,46615,3922.223
22,46616,3643.552
22,46617,3430.722
22,46618,3265.122
22,46619,3134.628
22,46620,3015.669
22,44738,Inf
22,44739,3330.887
22,44740,3228.454
22,44741,3160.111
22,44742,3123.473
22,44743,3108.493
22,44744,3117.061
23,1786,3490.752
23,1787,5262.467
23,1788,5078.116
23,1789,4943.271
23,1790,4837.006
23,1791,4760.539
23,1792,4696.793
23,127,2012.462
23,128,3717.251
23,129,3441.287
23,130,3222.88
23,131,3047.799
23,132,2906.185
23,133,2779.943
23,1933,3490.752
23,1934,5225.921
23,1935,5229.255
23,1936,5123.822
23,1937,5064.96
23,1938,5035.83
23,1939,5030.509
23,46467,3490.752
23,46468,5027.519
23,46469,5030.161
23,46470,5058.262
23,46471,5128.528
23,46472,5162.601
23,46473,5049.351
23,44808,2012.462
23,44809,3614.952
23,44810,3462.445
23,44811,3361.62
23,44812,3300.427
23,44813,3293.333
23,44814,3353.757
23,46614,3490.752
23,46615,4835.729
23,46616,4817.338
23,46617,4834.89
23,46618,4876.415
23,46619,4934.275
23,46620,4752.229
23,44738,2012.462
23,44739,3664.508
23,44740,3511.563
23,44741,3406.558
23,44742,3340.704
23,44743,3302.773
23,44744,3286.221
24,1786,3338.255
24,1787,5060.588
24,1788,5233.069
24,1789,5088.692
24,1790,4973.317
24,1791,4888.611
24,1792,4816.624
24,127,2225.503
24,128,3689.92
24,129,3416.213
24,130,3199.607
24,131,3025.985
24,132,2885.567
24,133,2760.314
24,1933,3338.255
24,1934,5152.31
24,1935,5380.098
24,1936,5420.214
24,1937,5352.725
24,1938,5316.488
24,1939,5305.253
24,46467,3338.255
24,46468,4777.664
24,46469,4805.838
24,46470,4853.604
24,46471,4938.988
24,46472,5052.911
24,46473,5188.985
24,44808,2225.503
24,44809,3597.131
24,44810,3445.387
24,44811,3345.088
24,44812,3284.245
24,44813,3277.365
24,44814,3337.894
24,46614,3338.255
24,46615,4688.309
24,46616,4696.324
24,46617,4734.826
24,46618,4793.286
24,46619,4865.015
24,46620,4915.623
24,44738,2225.503
24,44739,3623.958
24,44740,3472.601
24,44741,3368.659
24,44742,3303.474
24,44743,3265.908
24,44744,3249.485
25,1786,3230.993
25,1787,4856.925
25,1788,5043.298
25,1789,5242.108
25,1790,5116.891
25,1791,5023.368
25,1792,4942.653
25,127,2435.827
25,128,3672.787
25,129,3400.494
25,130,3185.017
25,131,3012.31
25,132,2872.641
25,133,2748.008
25,1933,3230.993
25,1934,5064.765
25,1935,5312.492
25,1936,5560.888
25,1937,5656.225
25,1938,5611.936
25,1939,5593.994
25,46467,3230.993
25,46468,4523.198
25,46469,4578.164
25,46470,4646.762
25,46471,4748.26
25,46472,4874.858
25,46473,5021.02
25,44808,2435.827
25,44809,3579.311
25,44810,3428.33
25,44811,3328.559
25,44812,3268.064
25,44813,3261.397
25,44814,3322.033
25,46614,3230.993
25,46615,4529.054
25,46616,4565.936
25,46617,4627.462
25,46618,4704.662
25,46619,4791.868
25,46620,4855.475
25,44738,2435.827
25,44739,3581.771
25,44740,3432.066
25,44741,3329.229
25,44742,3264.74
25,44743,3227.556
25,44744,3211.266
26,1786,3152.146
26,1787,4666.444
26,1788,4868.285
26,1789,5078.432
26,1790,5284.302
26,1791,5181.108
26,1792,5090.979
26,127,2639.006
26,128,3668.887
26,129,3396.917
26,130,3181.697
26,131,3009.198
26,132,2869.7
26,133,2745.208
26,1933,3152.146
26,1934,4943.089
26,1935,5211.55
26,1936,5476.845
26,1937,5764.074
26,1938,5899.503
26,1939,5874.423
26,46467,3152.146
26,46468,4247.433
26,46469,4330.066
26,46470,4420.215
26,46471,4538.329
26,46472,4677.957
26,46473,4834.462
26,44808,2639.006
26,44809,3561.571
26,44810,3411.349
26,44811,3312.102
26,44812,3251.956
26,44813,3245.501
26,44814,3306.242
26,46614,3152.146
26,46615,4346.365
26,46616,4414.488
26,46617,4500.963
26,46618,4598.507
26,46619,4702.555
26,46620,4780.45
26,44738,2639.006
26,44739,3539.504
26,44740,3391.453
26,44741,3289.724
26,44742,3225.932
26,44743,3189.13
26,44744,3172.973
27,1786,3101.777
27,1787,4491.797
27,1788,4710.992
27,1789,4934.317
27,1790,5150.235
27,1791,5368.619
27,1792,5268.244
27,127,2841.194
27,128,3673.112
27,129,3400.793
27,130,3185.294
27,131,3012.57
27,132,2872.887
27,133,2748.242
27,1933,3101.777
27,1934,4797.67
27,1935,5087.79
27,1936,5370.754
27,1937,5672.419
27,1938,5983.211
27,1939,6154.172
27,46467,3101.777
27,46468,3987.058
27,46469,4099.04
27,46470,4212.383
27,46471,4348.623
27,46472,4502.711
27,46473,4670.94
27,44808,2841.194
27,44809,3548.99
27,44810,3399.307
27,44811,3300.431
27,44812,3240.532
27,44813,3234.228
27,44814,3295.044
27,46614,3101.777
27,46615,4139.65
27,46616,4241.311
27,46617,4354.587
27,46618,4474.01
27,46619,4596.199
27,46620,4689.605
27,44738,2841.194
27,44739,3509.191
27,44740,3362.327
27,44741,3261.392
27,44742,3198.101
27,44743,3161.572
27,44744,3145.512
28,1786,3077.42
28,1787,4285.774
28,1788,4522.008
28,1789,4758.092
28,1790,4983.583
28,1791,5208.99
28,1792,5419.85
28,127,3046.335
28,128,3679.983
28,129,3407.096
28,130,3191.145
28,131,3018.054
28,132,2939.993
28,133,2954.138
28,1933,3077.42
28,1934,4634.052
28,1935,4946.824
28,1936,5248.325
28,1937,5565.116
28,1938,5888.508
28,1939,6218.426
28,46467,3077.42
28,46468,3776.597
28,46469,3921.726
28,46470,4061.929
28,46471,4219.759
28,46472,4391.64
28,46473,4574.835
28,44808,3046.335
28,44809,3548.755
28,44810,3399.082
28,44811,3300.213
28,44812,3240.318
28,44813,3234.017
28,44814,3294.834
28,46614,3077.42
28,46615,3911.142
28,46616,4048.637
28,46617,4190.575
28,46618,4333.432
28,46619,4475.09
28,46620,4585.264
28,44738,3046.335
28,44739,3489.896
28,44740,3343.786
28,44741,3243.357
28,44742,3180.384
28,44743,3144.03
28,44744,3128.031
29,1786,Inf
29,1787,3636.203
29,1788,3497.855
29,1789,3405.599
29,1790,3343.351
29,1791,3308.347
29,1792,3288.927
29,127,Inf
29,128,3408.49
29,129,3173.703
29,130,2987.993
29,131,2840.804
29,132,2725.699
29,133,2629.842
29,1933,Inf
29,1934,3694.268
29,1935,3574.286
29,1936,3491.523
29,1937,3449.056
29,1938,3434.547
29,1939,3442.454
29,46467,Inf
29,46468,4080.805
29,46469,3805.174
29,46470,3589.765
29,46471,3432.913
29,46472,3319.291
29,46473,3238.459
29,44808,Inf
29,44809,3328.333
29,44810,3241.104
29,44811,3187.39
29,44812,3175.139
29,44813,3278.935
29,44814,3407.724
29,46614,Inf
29,46615,3922.223
29,46616,3643.552
29,46617,3430.722
29,46618,3265.122
29,46619,3134.628
29,46620,3015.669
29,44738,Inf
29,44739,3330.887
29,44740,3228.454
29,44741,3160.111
29,44742,3123.473
29,44743,3108.493
29,44744,3117.061
30,1786,4036.856
30,1787,3224.916
30,1788,2932.947
30,1789,2723.008
30,1790,2571.231
30,1791,2463.936
30,1792,2391.542
30,127,3490.058
30,128,4692.568
30,129,4295.471
30,130,3960.589
30,131,3674.203
30,132,2649.297
30,133,2490.852
30,1933,4036.856
30,1934,3263.556
30,1935,2976.959
30,1936,2761.468
30,1937,2608.014
30,1938,2500.337
30,1939,2429.075
30,46467,4036.856
30,46468,4468.274
30,46469,4189.439
30,46470,3977.201
30,46471,3815.001
30,46472,4255.692
30,46473,4147.012
30,44808,3490.058
30,44809,3441.222
30,44810,3487.946
30,44811,3551.264
30,44812,3606.18
30,44813,3668.173
30,44814,3757.53
30,46614,4036.856
30,46615,5020.32
30,46616,4669.469
30,46617,4401.184
30,46618,4192.672
30,46619,3534.41
30,46620,3403.97
30,44738,2187.193
30,44739,3766.734
30,44740,3622.724
30,44741,3520.644
30,44742,3459.404
30,44743,3466.174
30,44744,3568.129
31,1786,3912.576
31,1787,2397.933
31,1788,2956.393
31,1789,2719.306
31,1790,2545.227
31,1791,2419.4
31,1792,2331.477
31,127,3297.391
31,128,4656.232
31,129,4276.372
31,130,3955.774
31,131,3681.43
31,132,3442.028
31,133,3229.981
31,1933,3912.576
31,1934,2934.507
31,1935,3013.188
31,1936,2769.652
31,1937,2592.849
31,1938,2465.448
31,1939,2377.309
31,46467,3912.576
31,46468,4413.647
31,46469,4138.333
31,46470,3928.789
31,46471,3768.665
31,46472,3646.639
31,46473,4186.806
31,44808,3297.391
31,44809,4785.997
31,44810,3452.549
31,44811,3516.959
31,44812,3572.6
31,44813,3635.036
31,44814,3724.613
31,46614,3912.576
31,46615,4998.906
31,46616,4649.463
31,46617,4382.259
31,46618,4174.584
31,46619,4011.476
31,46620,3444.305
31,44738,2460.74
31,44739,3731.476
31,44740,3588.847
31,44741,3487.69
31,44742,3427.033
31,44743,3434.121
31,44744,3536.188
32,1786,3844.837
32,1787,2349.114
32,1788,2141.328
32,1789,2736.444
32,1790,2537.573
32,1791,2391.074
32,1792,2285.753
32,127,3158.664
32,128,4596.608
32,129,4236.337
32,130,3931.953
32,131,3671.259
32,132,3443.541
32,133,3241.634
32,1933,3844.837
32,1934,2913.441
32,1935,2666.411
32,1936,2796.228
32,1937,2593.93
32,1938,2444.94
32,1939,2338.283
32,46467,3844.837
32,46468,4359.498
32,46469,4087.675
32,46470,3880.802
32,46471,3722.735
32,46472,3602.294
32,46473,3511.495
32,44808,3158.664
32,44809,4775.362
32,44810,4764.972
32,44811,3485.252
32,44812,3541.563
32,44813,3604.408
32,44814,3694.189
32,46614,3844.837
32,46615,4987.524
32,46616,4638.829
32,46617,4372.201
32,46618,4164.969
32,46619,4002.207
32,46620,3858.333
32,44738,2744.692
32,44739,3695.961
32,44740,3554.721
32,44741,3454.496
32,44742,3394.424
32,44743,3401.833
32,44744,3504.013
33,1786,3813.729
33,1787,2298.731
33,1788,2116.343
33,1789,1950.134
33,1790,2547.327
33,1791,2378.13
33,1792,2253.625
33,127,3055.197
33,128,4502.019
33,129,4164.667
33,130,3879.255
33,131,3634.524
33,132,3476.739
33,133,3506.393
33,1933,3813.729
33,1934,2878.862
33,1935,2647.24
33,1936,2440.998
33,1937,2613.632
33,1938,2441.154
33,1939,2314.315
33,46467,3813.729
33,46468,4370.377
33,46469,4097.852
33,46470,3890.443
33,46471,3731.962
33,46472,3611.203
33,46473,3520.16
33,44808,3055.197
33,44809,4792.199
33,44810,4781.089
33,44811,4804.481
33,44812,3509.537
33,44813,3572.803
33,44814,3662.794
33,46614,3813.729
33,46615,4978.267
33,46616,4630.18
33,46617,4364.02
33,46618,4157.151
33,46619,3994.668
33,46620,3851.011
33,44738,3034.127
33,44739,3659.654
33,44740,3519.836
33,44741,3420.562
33,44742,3361.089
33,44743,3368.826
33,44744,3471.121
34,1786,3799.92
34,1787,2266.479
34,1788,2108.672
34,1789,1962.331
34,1790,1821.062
34,1791,2385.872
34,1792,2240.17
34,127,3318.793
34,128,4380.127
34,129,4068.303
34,130,3804.009
34,131,3748.971
34,132,3780.975
34,133,3813.1
34,1933,3799.92
34,1934,2833.519
34,1935,2618.295
34,1936,2425.721
34,1937,2257.853
34,1938,2459.127
34,1939,2310.204
34,46467,3799.92
34,46468,4388.239
34,46469,4114.563
34,46470,3906.272
34,46471,3747.114
34,46472,3625.831
34,46473,3534.388
34,44808,3318.793
34,44809,4810.521
34,44810,4798.626
34,44811,4821.477
34,44812,4849.54
34,44813,3547.774
34,44814,3637.932
34,46614,3799.92
34,46615,4969.163
34,46616,4621.675
34,46617,4355.974
34,46618,4149.461
34,46619,3987.254
34,46620,3843.81
34,44738,3318.793
34,44739,3639.21
34,44740,3500.193
34,44741,3401.454
34,44742,3342.319
34,44743,3350.24
34,44744,3452.6
35,1786,3809.07
35,1787,2220.865
35,1788,2090.014
35,1789,1965.363
35,1790,1841.925
35,1791,1718.946
35,1792,2246.032
35,127,3606.656
35,128,4238.897
35,129,3988.647
35,130,4022.535
35,131,4056.975
35,132,4091.441
35,133,4126.037
35,1933,3809.07
35,1934,2774.972
35,1935,2577.369
35,1936,2399.491
35,1937,2243.992
35,1938,2103.146
35,1939,2326.695
35,46467,3809.07
35,46468,4406.102
35,46469,4131.274
35,46470,3922.103
35,46471,3762.265
35,46472,3640.461
35,46473,3548.617
35,44808,3606.656
35,44809,4825.973
35,44810,4813.416
35,44811,4835.811
35,44812,4863.57
35,44813,4908.997
35,44814,3620.698
35,46614,3809.07
35,46615,4960.298
35,46616,4613.393
35,46617,4348.139
35,46618,4141.972
35,46619,3980.034
35,46620,3836.797
35,44738,3606.656
35,44739,3657.125
35,44740,3517.406
35,44741,3418.198
35,44742,3358.768
35,44743,3366.527
35,44744,3468.83
36,1786,Inf
36,1787,3636.203
36,1788,3497.855
36,1789,3405.599
36,1790,3343.351
36,1791,3308.347
36,1792,3288.927
36,127,Inf
36,128,3408.49
36,129,3173.703
36,130,2987.993
36,131,2840.804
36,132,2725.699
36,133,2629.842
36,1933,Inf
36,1934,3694.268
36,1935,3574.286
36,1936,3491.523
36,1937,3449.056
36,1938,3434.547
36,1939,3442.454
36,46467,Inf
36,46468,4080.805
36,46469,3805.174
36,46470,3589.765
36,46471,3432.913
36,46472,3319.291
36,46473,3238.459
36,44808,Inf
36,44809,3328.333
36,44810,3241.104
36,44811,3187.39
36,44812,3175.139
36,44813,3278.935
36,44814,3407.724
36,46614,Inf
36,46615,3922.223
36,46616,3643.552
36,46617,3430.722
36,46618,3265.122
36,46619,3134.628
36,46620,3015.669
36,44738,Inf
36,44739,3330.887
36,44740,3228.454
36,44741,3160.111
36,44742,3123.473
36,44743,3108.493
36,44744,3117.061
37,1786,4346.345
37,1787,6885.639
37,1788,6650.602
37,1789,6488.945
37,1790,6372.896
37,1791,6290.44
37,1792,6233.675
37,127,3757.626
37,128,4728.394
37,129,4316.167
37,130,3970.416
37,131,3674.37
37,132,2708.027
37,133,2528.617
37,1933,4346.345
37,1934,6173.189
37,1935,6004.639
37,1936,5876.752
37,1937,5801.477
37,1938,5760.748
37,1939,5747.611
37,46467,4346.345
37,46468,6298.002
37,46469,6328.971
37,46470,6400.528
37,46471,6502.799
37,46472,6377.734
37,46473,6230.482
37,44808,3757.626
37,44809,3842.083
37,44810,3679.852
37,44811,3572.315
37,44812,3506.668
37,44813,3496.857
37,44814,3555.928
37,46614,4346.345
37,46615,6822.02
37,46616,6796.16
37,46617,6820.867
37,46618,6880.491
37,46619,4945.296
37,46620,4762.961
37,44738,2354.876
37,44739,4472.742
37,44740,4291.619
37,44741,4166.014
37,44742,4084.092
37,44743,4035.612
37,44744,4013.283
38,1786,4250.445
38,1787,7025.458
38,1788,7057.54
38,1789,6879.007
38,1790,6748.638
38,1791,6653.738
38,1792,6585.966
38,127,3582.136
38,128,4729.215
38,129,4331.131
38,130,3996.979
38,131,3710.622
38,132,3460.885
38,133,3230.71
38,1933,4250.445
38,1934,7705.768
38,1935,6375.795
38,1936,6234.351
38,1937,6148.503
38,1938,6099.063
38,1939,6078.68
38,46467,4250.445
38,46468,6090.737
38,46469,6151.451
38,46470,6246.633
38,46471,6367.939
38,46472,6509.595
38,46473,6526.511
38,44808,3582.136
38,44809,5008.398
38,44810,3716.671
38,44811,3607.997
38,44812,3541.595
38,44813,3531.324
38,44814,3590.167
38,46614,4250.445
38,46615,6649.102
38,46616,6657.241
38,46617,6709.073
38,46618,6790.735
38,46619,6893.25
38,46620,5038.247
38,44738,2673.236
38,44739,4495.443
38,44740,4313.431
38,44741,4187.231
38,44742,4104.934
38,44743,4056.25
38,44744,4033.849
39,1786,4214.503
39,1787,6985.224
39,1788,7242.499
39,1789,7310.477
39,1790,7163.748
39,1791,7054.727
39,1792,6974.563
39,127,3462.358
39,128,4705.513
39,129,4324.333
39,130,4004.036
39,131,3729.248
39,132,3489.321
39,133,3267.606
39,1933,4214.503
39,1934,7661.888
39,1935,7982.32
39,1936,6640.108
39,1937,6541.626
39,1938,6481.814
39,1939,6452.834
39,46467,4214.503
39,46468,5873.255
39,46469,5965.86
39,46470,6086.547
39,46471,6228.572
39,46472,6387.263
39,46473,6559.28
39,44808,3462.358
39,44809,5089.3
39,44810,4873.677
39,44811,3642.573
39,44812,3575.44
39,44813,3564.724
39,44814,3623.344
39,46614,4214.503
39,46615,6461.649
39,46616,6507.013
39,46617,6588.712
39,46618,6694.806
39,46619,6817.6
39,46620,6922
39,44738,3008.584
39,44739,4562.701
39,44740,4378.055
39,44741,4250.094
39,44742,4166.687
39,44743,4117.395
39,44744,4094.781
40,1786,4207.801
40,1787,6921.426
40,1788,7206.437
40,1789,7517.136
40,1790,7596.74
40,1791,7472.242
40,1792,7378.511
40,127,3370.89
40,128,4646.643
40,129,4286.033
40,130,3982.608
40,131,3721.922
40,132,3551.444
40,133,3563.057
40,1933,4207.801
40,1934,7589.543
40,1935,7942.327
40,1936,8300.425
40,1937,7006.907
40,1938,6934.446
40,1939,6895.037
40,46467,4207.801
40,46468,5642.917
40,46469,5769.642
40,46470,5917.762
40,46471,6082.203
40,46472,6259.452
40,46473,6446.996
40,44808,3370.89
40,44809,5127.121
40,44810,4909.879
40,44811,4764.365
40,44812,3636.167
40,44813,3624.651
40,44814,3682.872
40,46614,4207.801
40,46615,6250.184
40,46616,6336.074
40,46617,6450.379
40,46618,6583.238
40,46619,6728.337
40,46620,6851.678
40,44738,3347.643
40,44739,4640.267
40,44740,4452.585
40,44741,4322.591
40,44742,4237.905
40,44743,4187.912
40,44744,4165.052
41,1786,4202.194
41,1787,6838.629
41,1788,7153.913
41,1789,7489.381
41,1790,7829.923
41,1791,7911.457
41,1792,7802.91
41,127,3670.133
41,128,4580.235
41,129,4241.585
41,130,3956.132
41,131,3888.77
41,132,3911.904
41,133,3924.485
41,1933,4202.194
41,1934,7490.633
41,1935,7878.447
41,1936,8265.733
41,1937,8676.831
41,1938,7413.126
41,1939,7361.993
41,46467,4202.194
41,46468,5448.443
41,46469,5612.996
41,46470,5792.051
41,46471,5982.259
41,46472,6181.298
41,46473,6387.508
41,44808,3670.133
41,44809,5161.116
41,44810,4942.418
41,44811,4795.9
41,44812,4704.385
41,44813,3682.63
41,44814,3740.467
41,46614,4202.194
41,46615,6019.446
41,46616,6149.409
41,46617,6299.293
41,46618,6461.48
41,46619,6631.14
41,46620,6775.534
41,44738,3670.133
41,44739,4702.595
41,44740,4512.473
41,44741,4380.845
41,44742,4295.131
41,44743,4244.575
41,44744,4221.518
42,1786,4240.435
42,1787,6731.503
42,1788,7079.401
42,1789,7441.534
42,1790,7804.371
42,1791,8165.236
42,1792,8242.376
42,127,4015.098
42,128,4480.696
42,129,4203.494
42,130,4228.406
42,131,4253.322
42,132,4278.235
42,133,4291.783
42,1933,4240.435
42,1934,7358.551
42,1935,7783.788
42,1936,8202.23
42,1937,8639.519
42,1938,9086.086
42,1939,7854.265
42,46467,4240.435
42,46468,5249.721
42,46469,5455.846
42,46470,5669.102
42,46471,5887.98
42,46472,6111.435
42,46473,6338.721
42,44808,4015.098
42,44809,5231.288
42,44810,5009.587
42,44811,4860.995
42,44812,4768.104
42,44813,4741.674
42,44814,3837.282
42,46614,4240.435
42,46615,5759.582
42,46616,5937.109
42,46617,6125.434
42,46618,6319.356
42,46619,6515.641
42,46620,6682.982
42,44738,4015.098
42,44739,4836.737
42,44740,4641.364
42,44741,4506.221
42,44742,4418.293
42,44743,4366.525
42,44744,4343.043
43,1786,Inf
43,1787,3636.203
43,1788,3497.855
43,1789,3405.599
43,1790,3343.351
43,1791,3308.347
43,1792,3288.927
43,127,Inf
43,128,3408.49
43,129,3173.703
43,130,2987.993
43,131,2840.804
43,132,2725.699
43,133,2629.842
43,1933,Inf
43,1934,3694.268
43,1935,3574.286
43,1936,3491.523
43,1937,3449.056
43,1938,3434.547
43,1939,3442.454
43,46467,Inf
43,46468,4080.805
43,46469,3805.174
43,46470,3589.765
43,46471,3432.913
43,46472,3319.291
43,46473,3238.459
43,44808,Inf
43,44809,3328.333
43,44810,3241.104
43,44811,3187.39
43,44812,3175.139
43,44813,3278.935
43,44814,3407.724
43,46614,Inf
43,46615,3922.223
43,46616,3643.552
43,46617,3430.722
43,46618,3265.122
43,46619,3134.628
43,46620,3015.669
43,44738,Inf
43,44739,3330.887
43,44740,3228.454
43,44741,3160.111
43,44742,3123.473
43,44743,3108.493
43,44744,3117.061
44,1786,2187.901
44,1787,2126.359
44,1788,1939.943
44,1789,1799.713
44,1790,1698.634
44,1791,1628.437
44,1792,1578.625
44,127,1891.547
44,128,4218.187
44,129,4113.738
44,130,4049.945
44,131,4020.212
44,132,4007.466
44,133,3896.237
44,1933,2187.901
44,1934,4648.005
44,1935,4434.69
44,1936,4262.836
44,1937,4137.21
44,1938,4042.976
44,1939,3973.633
44,46467,2187.901
44,46468,1962.557
44,46469,1815.582
44,46470,1715.504
44,46471,1637.86
44,46472,2800.527
44,46473,2720.682
44,44808,1891.547
44,44809,3856.564
44,44810,3883.047
44,44811,3913.638
44,44812,3920.906
44,44813,3926.914
44,44814,3957.326
44,46614,2187.901
44,46615,3341.167
44,46616,3196.878
44,46617,3094.599
44,46618,3021.429
44,46619,3940.356
44,46620,3750.692
44,44738,1185.418
44,44739,2344.262
44,44740,2242.563
44,44741,2172.37
44,44742,2180.458
44,44743,2295.356
44,44744,2397.87
45,1786,2038.979
45,1787,1016.682
45,1788,1899.124
45,1789,1745.61
45,1790,1633.215
45,1791,1553.199
45,1792,1494.9
45,127,1718.385
45,128,4160.996
45,129,4070.147
45,130,4017.683
45,131,3997.55
45,132,4002.245
45,133,4027.163
45,1933,2038.979
45,1934,2873.723
45,1935,4611.792
45,1936,4433.843
45,1937,4303.467
45,1938,4205.299
45,1939,4132.664
45,46467,2038.979
45,46468,1883.988
45,46469,1742.076
45,46470,1645.874
45,46471,1571.215
45,46472,1513.049
45,46473,2668.553
45,44808,1718.385
45,44809,3801.785
45,44810,4023.785
45,44811,4058.585
45,44812,4067.965
45,44813,4075.241
45,44814,4107.462
45,46614,2038.979
45,46615,3215.85
45,46616,3085.365
45,46617,2993.859
45,46618,2929.224
45,46619,2883.776
45,46620,3833.751
45,44738,1282.377
45,44739,2272.12
45,44740,2173.245
45,44741,2104.943
45,44742,2114.221
45,44743,2229.771
45,44744,2332.514
46,1786,1926.181
46,1787,979.2955
46,1788,899.9044
46,1789,1706.755
46,1790,1582.172
46,1791,1491.592
46,1792,1424.13
46,127,1582.423
46,128,4090.733
46,129,4014.632
46,130,3974.449
46,131,3964.712
46,132,3978.359
46,133,4011.094
46,1933,1926.181
46,1934,2845.72
46,1935,2878.891
46,1936,4611.92
46,1937,4476.157
46,1938,4373.52
46,1939,4297.136
46,46467,1926.181
46,46468,1768.165
46,46469,1633.718
46,46470,1543.229
46,46471,1472.97
46,46472,1418.194
46,46473,1376.179
46,44808,1582.423
46,44809,3748.431
46,44810,3980.873
46,44811,4219.419
46,44812,4230.249
46,44813,4238.204
46,44814,4271.762
46,46614,1926.181
46,46615,3036.882
46,46616,2922.081
46,46617,2842.679
46,46618,2787.504
46,46619,2749.494
46,46620,2703.793
46,44738,1375.032
46,44739,2225.063
46,44740,2128.031
46,44741,2060.962
46,44742,2071.016
46,44743,2186.991
46,44744,2289.883
47,1786,1857.223
47,1787,929.216
47,1788,862.7117
47,1789,795.3646
47,1790,1544.238
47,1791,1442.471
47,1792,1365.265
47,127,1487.831
47,128,4000.065
47,129,3940.075
47,130,3913.269
47,131,3914.812
47,132,3938.138
47,133,3979.291
47,1933,1857.223
47,1934,2874.801
47,1935,2916.309
47,1936,2965.818
47,1937,4642.42
47,1938,4535.203
47,1939,4454.953
47,46467,1857.223
47,46468,1625.173
47,46469,1499.941
47,46470,1416.506
47,46471,1351.679
47,46472,1301.088
47,46473,1262.277
47,44808,1487.831
47,44809,3692.638
47,44810,3935.66
47,44811,4183.794
47,44812,4404.951
47,44813,4413.092
47,44814,4447.587
47,46614,1857.223
47,46615,2875.744
47,46616,2776.091
47,46617,2708.447
47,46618,2662.536
47,46619,2631.891
47,46620,2592.132
47,44738,1477.57
47,44739,2193.383
47,44740,2097.591
47,44741,2031.352
47,44742,2041.929
47,44743,2158.19
47,44744,2261.182
48,1786,1832.293
48,1787,868.6653
48,1788,815.3684
48,1789,759.3278
48,1790,705.2975
48,1791,1399.1
48,1792,1312.035
48,127,1600.297
48,128,3884.909
48,129,3842.413
48,130,3830.075
48,131,3843.763
48,132,3877.458
48,133,3927.585
48,1933,1832.293
48,1934,2877.341
48,1935,2928.13
48,1936,2985.687
48,1937,3064.497
48,1938,4676.995
48,1939,4593.149
48,46467,1832.293
48,46468,1514.077
48,46469,1396.006
48,46470,1318.051
48,46471,1257.445
48,46472,1210.105
48,46473,1173.784
48,44808,1600.297
48,44809,3630.142
48,44810,3883.919
48,44811,4141.853
48,44812,4371.983
48,44813,4596.167
48,44814,4631.304
48,46614,1832.293
48,46615,2667.322
48,46616,2583.913
48,46617,2528.72
48,46618,2492.476
48,46619,2469.376
48,46620,2435.613
48,44738,1600.297
48,44739,2169.067
48,44740,2074.226
48,44741,2008.625
48,44742,2019.603
48,44743,2136.083
48,44744,2239.153
49,1786,1804.261
49,1787,814.3747
49,1788,773.4475
49,1789,727.9639
49,1790,682.9529
49,1791,638.8744
49,1792,1274.641
49,127,1708.383
49,128,3749.764
49,129,3725.895
49,130,3728.929
49,131,3755.484
49,132,3800.133
49,133,3859.709
49,1933,1804.261
49,1934,2805.068
49,1935,2865.727
49,1936,2931.395
49,1937,3016.868
49,1938,3113.758
49,1939,4718.028
49,46467,1804.261
49,46468,1428.563
49,46469,1316.003
49,46470,1242.266
49,46471,1184.908
49,46472,1140.071
49,46473,1105.667
49,44808,1708.383
49,44809,3559.893
49,44810,3824.601
49,44811,4092.538
49,44812,4331.921
49,44813,4564.475
49,44814,4821.848
49,46614,1804.261
49,46615,2472.066
49,46616,2404.27
49,46617,2361.072
49,46618,2334.177
49,46619,2318.415
49,46620,2290.579
49,44738,1708.383
49,44739,2157.653
49,44740,2063.259
49,44741,1997.957
49,44742,2009.124
49,44743,2125.707
49,44744,2228.813
50,1786,Inf
50,1787,3636.203
50,1788,3497.855
50,1789,3405.599
50,1790,3343.351
50,1791,3308.347
50,1792,3288.927
50,127,Inf
50,128,3408.49
50,129,3173.703
50,130,2987.993
50,131,2840.804
50,132,2725.699
50,133,2629.842
50,1933,Inf
50,1934,3694.268
50,1935,3574.286
50,1936,3491.523
50,1937,3449.056
50,1938,3434.547
50,1939,3442.454
50,46467,Inf
50,46468,4080.805
50,46469,3805.174
50,46470,3589.765
50,46471,3432.913
50,46472,3319.291
50,46473,3238.459
50,44808,Inf
50,44809,3328.333
50,44810,3241.104
50,44811,3187.39
50,44812,3175.139
50,44813,3278.935
50,44814,3407.724
50,46614,Inf
50,46615,3922.223
50,46616,3643.552
50,46617,3430.722
50,46618,3265.122
50,46619,3134.628
50,46620,3015.669
50,44738,Inf
50,44739,3330.887
50,44740,3228.454
50,44741,3160.111
50,44742,3123.473
50,44743,3108.493
50,44744,3117.061
51,1786,2683.031
51,1787,3599.285
51,1788,3494.783
51,1789,3408.664
51,1790,3347.543
51,1791,3307.714
51,1792,3272.479
51,127,2319.611
51,128,4687.156
51,129,4547.656
51,130,4457.561
51,131,4404.987
51,132,4371.701
51,133,4215.457
51,1933,2683.031
51,1934,5335.626
51,1935,5199.373
51,1936,5095.383
51,1937,5037.703
51,1938,5009.723
51,1939,5005.527
51,46467,2683.031
51,46468,3364.964
51,46469,3341.156
51,46470,3363.822
51,46471,3402.39
51,46472,3322.148
51,46473,3232.219
51,44808,2319.611
51,44809,4489.072
51,44810,4239.672
51,44811,4050.344
51,44812,3906.862
51,44813,3826.409
51,44814,3822.811
51,46614,2683.031
51,46615,4881.867
51,46616,4854.063
51,46617,4864.133
51,46618,4899.601
51,46619,4828.529
51,46620,4649.255
51,44738,1453.682
51,44739,2803.402
51,44740,2692.573
51,44741,2624.452
51,44742,2583.341
51,44743,2562.458
51,44744,2551.368
52,1786,2479.128