Id,Label,Color
1,1786,Black
2,1787,Black
3,1788,Black
4,1789,Black
5,1790,Black
6,1791,Black
7,1792,Black
8,127,Black
9,128,Black
10,129,Black
11,130,Black
12,131,Black
13,132,Black
14,133,Black
15,1933,Black
16,1934,Black
17,1935,Black
18,1936,Black
19,1937,Black
20,1938,Black
21,1939,Black
22,46467,Black
23,46468,Black
24,46469,Black
25,46470,Black
26,46471,Black
27,46472,Black
28,46473,Black
29,44808,Black
30,44809,Black
31,44810,Black
32,44811,Black
33,44812,Black
34,44813,Black
35,44814,Black
36,46614,Black
37,46615,Black
38,46616,Black
39,46617,Black
40,46618,Black
41,46619,Black
42,46620,Black
43,44738,Black
44,44739,Black
45,44740,Black
46,44741,Black
47,44742,Black
48,44743,Black
49,44744,Black
50,1786,Black
51,1787,Black
52,1788,Black
53,1789,Black
54,1790,Black
55,1791,Black
56,1792,Black
57,127,Black
58,128,Black
59,129,Black
60,130,Black
61,131,Black
62,132,Black
63,133,Black
64,1933,Black
65,1934,Black
66,1935,Black
67,1936,Black
68,1937,Black
69,1938,Black
70,1939,Black
71,46467,Black
72,46468,Black
73,46469,Black
74,46470,Black
75,46471,Black
76,46472,Black
77,46473,Black
78,44808,Black
79,44809,Black
80,44810,Black
81,44811,Black
82,44812,Black
83,44813,Black
84,44814,Black
85,46614,Black
86,46615,Black
87,46616,Black
88,46617,Black
89,46618,Black
90,46619,Black
91,46620,Black
92,44738,Black
93,44739,Black
94,44740,Black
95,44741,Black
96,44742,Black
97,44743,Black
98,44744,Black
99,1786,Black
100,1787,Black
101,1788,Black
102,1789,Black
103,1790,Black
104,1791,Black
105,1792,Black
106,127,Black
107,128,Black
108,129,Black
109,130,Black
110,131,Black
111,132,Black
112,133,Black
113,1933,Black
114,1934,Black
115,1935,Black
116,1936,Black
117,1937,Black
118,1938,Black
119,1939,Black
120,46467,Black
121,46468,Black
122,46469,Black
123,46470,Black
124,46471,Black
125,46472,Black
126,46473,Black
127,44808,Black
128,44809,Black
129,44810,Black
130,44811,Black
131,44812,Black
132,44813,Black
133,44814,Black
134,46614,Black
135,46615,Black
136,46616,Black
137,46617,Black
138,46618,Black
139,46619,Black
140,46620,Black
141,44738,Black
142,44739,Black
143,44740,Black
144,44741,Black
145,44742,Black
146,44743,Black
147,44744,Black
148,1786,Black
149,1787,Black
150,1788,Black
151,1789,Black
152,1790,Black
153,1791,Black
154,1792,Black
155,127,Black
156,128,Black
157,129,Black
158,130,Black
159,131,Black
160,132,Black
161,133,Black
162,1933,Black
163,1934,Black
164,1935,Black
165,1936,Black
166,1937,Black
167,1938,Black
168,1939,Black
169,46467,Black
170,46468,Black
171,46469,Black
172,46470,Black
173,46471,Black
174,46472,Black
175,46473,Black
176,44808,Black
177,44809,Black
178,44810,Black
179,44811,Black
180,44812,Black
181,44813,Black
182,44814,Black
183,46614,Black
184,46615,Black
185,46616,Black
186,46617,Black
187,46618,Black
188,46619,Black
189,46620,Black
190,44738,Black
191,44739,Black
192,44740,Black
193,44741,Black
194,44742,Black
195,44743,Black
196,44744,Black
197,1786,Black
198,1787,Black
199,1788,Black
200,1789,Black
201,1790,Black
202,1791,Black
203,1792,Black
204,127,Black
205,128,Black
206,129,Black
207,130,Black
208,131,Black
209,132,Black
210,133,Black
211,1933,Black
212,1934,Black
213,1935,Black
214,1936,Black
215,1937,Black
216,1938,Black
217,1939,Black
218,46467,Black
219,46468,Black
220,46469,Black
221,46470,Black
222,46471,Black
223,46472,Black
224,46473,Black
225,44808,Black
226,44809,Black
227,44810,Black
228,44811,Black
229,44812,Black
230,44813,Black
231,44814,Black
232,46614,Black
233,46615,Black
234,46616,Black
235,46617,Black
236,46618,Black
237,46619,Black
238,46620,Black
239,44738,Black
240,44739,Black
241,44740,Black
242,44741,Black
243,44742,Black
244,44743,Black
245,44744,Black
246,1786,Black
247,1787,Black
248,1788,Black
249,1789,Black
250,1790,Black
251,1791,Black
252,1792,Black
253,127,Black
254,128,Black
255,129,Black
256,130,Black
257,131,Black
258,132,Black
259,133,Black
260,1933,Black
261,1934,Black
262,1935,Black
263,1936,Black
264,1937,Black
265,1938,Black
266,1939,Black
267,46467,Black
268,46468,Black
269,46469,Black
270,46470,Black
271,46471,Black
272,46472,Black
273,46473,Black
274,44808,Black
275,44809,Black
276,44810,Black
277,44811,Black
278,44812,Black
279,44813,Black
280,44814,Black
281,46614,Black
282,46615,Black
283,46616,Black
284,46617,Black
285,46618,Black
286,46619,Black
287,46620,Black
288,44738,Black
289,44739,Black
290,44740,Black
291,44741,Black
292,44742,Black
293,44743,Black
294,44744,Black
295,1786,Black
296,1787,Black
297,1788,Black
298,1789,Black
299,1790,Black
300,1791,Black
301,1792,Black
302,127,Black
303,128,Black
304,129,Black
305,130,Black
306,131,Black
307,132,Black
308,133,Black
309,1933,Black
310,1934,Black
311,1935,Black
312,1936,Black
313,1937,Black
314,1938,Black
315,1939,Black
316,46467,Black
317,46468,Black
318,46469,Black
319,46470,Black
320,46471,Black
321,46472,Black
322,46473,Black
323,44808,Black
324,44809,Black
325,44810,Black
326,44811,Black
327,44812,Black
328,44813,Black
329,44814,Black
330,46614,Black
331,46615,Black
332,46616,Black
333,46617,Black
334,46618,Black
335,46619,Black
336,46620,Black
337,44738,Black
338,44739,Black
339,44740,Black
340,44741,Black
341,44742,Black
342,44743,Black
343,44744,Black
344,1786,Black
345,1787,Black
346,1788,Black
347,1789,Black
348,1790,Black
349,1791,Black
350,1792,Black
351,127,Black
352,128,Black
353,129,Black
354,130,Black
355,131,Black
356,132,Black
357,133,Black
358,1933,Black
359,1934,Black
360,1935,Black
361,1936,Black
362,1937,Black
363,1938,Black
364,1939,Black
365,46467,Black
366,46468,Black
367,46469,Black
368,46470,Black
369,46471,Black
370,46472,Black
371,46473,Black
372,44808,Black
373,44809,Black
374,44810,Black
375,44811,Black
376,44812,Black
377,44813,Black
378,44814,Black
379,46614,Black
380,46615,Black
381,46616,Black
382,46617,Black
383,46618,Black
384,46619,Black
385,46620,Black
386,44738,Black
387,44739,Black
388,44740,Black
389,44741,Black
390,44742,Black
391,44743,Black
392,44744,Black
393,1786,Black
394,1787,Black
395,1788,Black
396,1789,Black
397,1790,Black
398,1791,Black
399,1792,Black
400,127,Black
401,128,Black
402,129,Black
403,130,Black
404,131,Black
405,132,Black
406,133,Black
407,1933,Black
408,1934,Black
409,1935,Black
410,1936,Black
411,1937,Black
412,1938,Black
413,1939,Black
414,46467,Black
415,46468,Black
416,46469,Black
417,46470,Black
418,46471,Black
419,46472,Black
420,46473,Black
421,44808,Black
422,44809,Black
423,44810,Black
424,44811,Black
425,44812,Black
426,44813,Black
427,44814,Black
428,46614,Black
429,46615,Black
430,46616,Black
431,46617,Black
432,46618,Black
433,46619,Black
434,46620,Black
435,44738,Black
436,44739,Black
437,44740,Black
438,44741,Black
439,44742,Black
440,44743,Black
441,44744,Black
442,1786,Black
443,1787,Black
444,1788,Black
445,1789,Black
446,1790,Black
447,1791,Black
448,1792,Black
449,127,Black
450,128,Black
451,129,Black
452,130,Black
453,131,Black
454,132,Black
455,133,Black
456,1933,Black
457,1934,Black
458,1935,Black
459,1936,Black
460,1937,Black
461,1938,Black
462,1939,Black
463,46467,Black
464,46468,Black
465,46469,Black
466,46470,Black
467,46471,Black
468,46472,Black
469,46473,Black
470,44808,Black
471,44809,Black
472,44810,Black
473,44811,Black
474,44812,Black
475,44813,Black
476,44814,Black
477,46614,Black
478,46615,Black
479,46616,Black
480,46617,Black
481,46618,Black
482,46619,Black
483,46620,Black
484,44738,Black
485,44739,Black
486,44740,Black
487,44741,Black
488,44742,Black
489,44743,Black
490,44744,Black
491,1786,Black
492,1787,Black
493,1788,Black
494,1789,Black
495,1790,Black
496,1791,Black
497,1792,Black
498,127,Black
499,128,Black
500,129,Black
501,130,Black
502,131,Black
503,132,Black
504,133,Black
505,1933,Black
506,1934,Black
507,1935,Black
508,1936,Black
509,1937,Black
510,1938,Black
511,1939,Black
512,46467,Black
513,46468,Black
514,46469,Black
515,46470,Black
516,46471,Black
517,46472,Black
518,46473,Black
519,44808,Black
520,44809,Black
521,44810,Black
522,44811,Black
523,44812,Black
524,44813,Black
525,44814,Black
526,46614,Black
527,46615,Black
528,46616,Black
529,46617,Black
530,46618,Black
531,46619,Black
532,46620,Black
533,44738,Black
534,44739,Black
535,44740,Black
536,44741,Black
537,44742,Black
538,44743,Black
539,44744,Black
540,1786,Black
541,1787,Black
542,1788,Black
543,1789,Black
544,1790,Black
545,1791,Black
546,1792,Black
547,127,Black
548,128,Black
549,129,Black
550,130,Black
551,131,Black
552,132,Black
553,133,Black
554,1933,Black
555,1934,Black
556,1935,Black
557,1936,Black
558,1937,Black
559,1938,Black
560,1939,Black
561,46467,Black
562,46468,Black
563,46469,Black
564,46470,Black
565,46471,Black
566,46472,Black
567,46473,Black
568,44808,Black
569,44809,Black
570,44810,Black
571,44811,Black
572,44812,Black
573,44813,Black
574,44814,Black
575,46614,Black
576,46615,Black
577,46616,Black
578,46617,Black
579,46618,Black
580,46619,Black
581,46620,Black
582,44738,Black
583,44739,Black
584,44740,Black
585,44741,Black
586,44742,Black
587,44743,Black
588,44744,Black
589,1786,Black
590,1787,Black
591,1788,Black
592,1789,Black
593,1790,Black
594,1791,Black
595,1792,Black
596,127,Black
597,128,Black
598,129,Black
599,130,Black
600,131,Black
601,132,Black
602,133,Black
603,1933,Black
604,1934,Black
605,1935,Black
606,1936,Black
607,1937,Black
608,1938,Black
609,1939,Black
610,46467,Black
611,46468,Black
612,46469,Black
613,46470,Black
614,46471,Black
615,46472,Black
616,46473,Black
617,44808,Black
618,44809,Black
619,44810,Black
620,44811,Black
621,44812,Black
622,44813,Black
623,44814,Black
624,46614,Black
625,46615,Black
626,46616,Black
627,46617,Black
628,46618,Black
629,46619,Black
630,46620,Black
631,44738,Black
632,44739,Black
633,44740,Black
634,44741,Black
635,44742,Black
636,44743,Black
637,44744,Black
638,1786,Black
639,1787,Black
640,1788,Black
641,1789,Black
642,1790,Black
643,1791,Black
644,1792,Black
645,127,Black
646,128,Black
647,129,Black
648,130,Black
649,131,Black
650,132,Black
651,133,Black
652,1933,Black
653,1934,Black
654,1935,Black
655,1936,Black
656,1937,Black
657,1938,Black
658,1939,Black
659,46467,Black
660,46468,Black
661,46469,Black
662,46470,Black
663,46471,Black
664,46472,Black
665,46473,Black
666,44808,Black
667,44809,Black
668,44810,Black
669,44811,Black
670,44812,Black
671,44813,Black
672,44814,Black
673,46614,Black
674,46615,Black
675,46616,Black
676,46617,Black
677,46618,Black
678,46619,Black
679,46620,Black
680,44738,Black
681,44739,Black
682,44740,Black
683,44741,Black
684,44742,Black
685,44743,Black
686,44744,Black
687,1786,Black
688,1787,Black
689,1788,Black
690,1789,Black
691,1790,Black
692,1791,Black
693,1792,Black
694,127,Black
695,128,Black
696,129,Black
697,130,Black
698,131,Black
699,132,Black
700,133,Black
701,1933,Black
702,1934,Black
703,1935,Black
704,1936,Black
705,1937,Black
706,1938,Black
707,1939,Black
708,46467,Black
709,46468,Black
710,46469,Black
711,46470,Black
712,46471,Black
713,46472,Black
714,46473,Black
715,44808,Black
716,44809,Black
717,44810,Black
718,44811,Black
719,44812,Black
720,44813,Black
721,44814,Black
722,46614,Black
723,46615,Black
724,46616,Black
725,46617,Black
726,46618,Black
727,46619,Black
728,46620,Black
729,44738,Black
730,44739,Black
731,44740,Black
732,44741,Black
733,44742,Black
734,44743,Black
735,44744,Black
736,1786,Black
737,1787,Black
738,1788,Black
739,1789,Black
740,1790,Black
741,1791,Black
742,1792,Black
743,127,Black
744,128,Black
745,129,Black
746,130,Black
747,131,Black
748,132,Black
749,133,Black
750,1933,Black
751,1934,Black
752,1935,Black
753,1936,Black
754,1937,Black
755,1938,Black
756,1939,Black
757,46467,Black
758,46468,Black
759,46469,Black
760,46470,Black
761,46471,Black
762,46472,Black
763,46473,Black
764,44808,Black
765,44809,Black
766,44810,Black
767,44811,Black
768,44812,Black
769,44813,Black
770,44814,Black
771,46614,Black
772,46615,Black
773,46616,Black
774,46617,Black
775,46618,Black
776,46619,Black
777,46620,Black
778,44738,Black
779,44739,Black
780,44740,Black
781,44741,Black
782,44742,Black
783,44743,Black
784,44744,Black
785,1786,Black
786,1787,Black
787,1788,Black
788,1789,Black
789,1790,Black
790,1791,Black
791,1792,Black
792,127,Black
793,128,Black
794,129,Black
795,130,Black
796,131,Black
797,132,Black
798,133,Black
799,1933,Black
800,1934,Black
801,1935,Black
802,1936,Black
803,1937,Black
804,1938,Black
805,1939,Black
806,46467,Black
807,46468,Black
808,46469,Black
809,46470,Black
810,46471,Black
811,46472,Black
812,46473,Black
813,44808,Black
814,44809,Black
815,44810,Black
816,44811,Black
817,44812,Black
818,44813,Black
819,44814,Black
820,46614,Black
821,46615,Black
822,46616,Black
823,46617,Black
824,46618,Black
825,46619,Black
826,46620,Black
827,44738,Black
828,44739,Black
829,44740,Black
830,44741,Black
831,44742,Black
832,44743,Black
833,44744,Black
834,1786,Black
835,1787,Black
836,1788,Black
837,1789,Black
838,1790,Black
839,1791,Black
840,1792,Black
841,127,Black
842,128,Black
843,129,Black
844,130,Black
845,131,Black
846,132,Black
847,133,Black
848,1933,Black
849,1934,Black
850,1935,Black
851,1936,Black
852,1937,Black
853,1938,Black
854,1939,Black
855,46467,Black
856,46468,Black
857,46469,Black
858,46470,Black
859,46471,Black
860,46472,Black
861,46473,Black
862,44808,Black
863,44809,Black
864,44810,Black
865,44811,Black
866,44812,Black
867,44813,Black
868,44814,Black
869,46614,Black
870,46615,Black
871,46616,Black
872,46617,Black
873,46618,Black
874,46619,Black
875,46620,Black
876,44738,Black
877,44739,Black
878,44740,Black
879,44741,Black
880,44742,Black
881,44743,Black
882,44744,Black
883,1786,Black
884,1787,Black
885,1788,Black
886,1789,Black
887,1790,Black
888,1791,Black
889,1792,Black
890,127,Black
891,128,Black
892,129,Black
893,130,Black
894,131,Black
895,132,Black
896,133,Black
897,1933,Black
898,1934,Black
899,1935,Black
900,1936,Black
901,1937,Black
902,1938,Black
903,1939,Black
904,46467,Black
905,46468,Black
906,46469,Black
907,46470,Black
908,46471,Black
909,46472,Black
910,46473,Black
911,44808,Black
912,44809,Black
913,44810,Black
914,44811,Black
915,44812,Black
916,44813,Black
917,44814,Black
918,46614,Black
919,46615,Black
920,46616,Black
921,46617,Black
922,46618,Black
923,46619,Black
924,46620,Black
925,44738,Black
926,44739,Black
927,44740,Black
928,44741,Black
929,44742,Black
930,44743,Black
931,44744,Black
932,1786,Black
933,1787,Black
934,1788,Black
935,1789,Black
936,1790,Black
937,1791,Black
938,1792,Black
939,127,Black
940,128,Black
941,129,Black
942,130,Black
943,131,Black
944,132,Black
945,133,Black
946,1933,Black
947,1934,Black
948,1935,Black
949,1936,Black
950,1937,Black
951,1938,Black
952,1939,Black
953,46467,Black
954,46468,Black
955,46469,Black
956,46470,Black
957,46471,Black
958,46472,Black
959,46473,Black
960,44808,Black
961,44809,Black
962,44810,Black
963,44811,Black
964,44812,Black
965,44813,Black
966,44814,Black
967,46614,Black
968,46615,Black
969,46616,Black
970,46617,Black
971,46618,Black
972,46619,Black
973,46620,Black
974,44738,Black
975,44739,Black
976,44740,Black
977,44741,Black
978,44742,Black
979,44743,Black
980,44744,Black
981,1786,Black
982,1787,Black
983,1788,Black
984,1789,Black
985,1790,Black
986,1791,Black
987,1792,Black
988,127,Black
989,128,Black
990,129,Black
991,130,Black
992,131,Black
993,132,Black
994,133,Black
995,1933,Black
996,1934,Black
997,1935,Black
998,1936,Black
999,1937,Black
1000,1938,Black
1001,1939,Black
1002,46467,Black
1003,46468,Black
1004,46469,Black
1005,46470,Black
1006,46471,Black
1007,46472,Black
1008,46473,Black
1009,44808,Black
1010,44809,Black
1011,44810,Black
1012,44811,Black
1013,44812,Black
1014,44813,Black
1015,44814,Black
1016,46614,Black
1017,46615,Black
1018,46616,Black
1019,46617,Black
1020,46618,Black
1021,46619,Black
1022,46620,Black
1023,44738,Black
1024,44739,Black
1025,44740,Black
1026,44741,Black
1027,44742,Black
1028,44743,Black
1029,44744,Black
1030,1786,Black
1031,1787,Black
1032,1788,Black
1033,1789,Black
1034,1790,Black
1035,1791,Black
1036,1792,Black
1037,127,Black
1038,128,Black
1039,129,Black
1040,130,Black
1041,131,Black
1042,132,Black
1043,133,Black
1044,1933,Black
1045,1934,Black
1046,1935,Black
1047,1936,Black
1048,1937,Black
1049,1938,Black
1050,1939,Black
1051,46467,Black
1052,46468,Black
1053,46469,Black
1054,46470,Black
1055,46471,Black
1056,46472,Black
1057,46473,Black
1058,44808,Black
1059,44809,Black
1060,44810,Black
1061,44811,Black
1062,44812,Black
1063,44813,Black
1064,44814,Black
1065,46614,Black
1066,46615,Black
1067,46616,Black
1068,46617,Black
1069,46618,Black
1070,46619,Black
1071,46620,Black
1072,44738,Black
1073,44739,Black
1074,44740,Black
1075,44741,Black
1076,44742,Black
1077,44743,Black
1078,44744,Black
1079,1786,Black
1080,1787,Black
1081,1788,Black
1082,1789,Black
1083,1790,Black
1084,1791,Black
1085,1792,Black
1086,127,Black
1087,128,Black
1088,129,Black
1089,130,Black
1090,131,Black
1091,132,Black
1092,133,Black
1093,1933,Black
1094,1934,Black
1095,1935,Black
1096,1936,Black
1097,1937,Black
1098,1938,Black
1099,1939,Black
1100,46467,Black
1101,46468,Black
1102,46469,Black
1103,46470,Black
1104,46471,Black
1105,46472,Black
1106,46473,Black
1107,44808,Black
1108,44809,Black
1109,44810,Black
1110,44811,Black
1111,44812,Black
1112,44813,Black
1113,44814,Black
1114,46614,Black
1115,46615,Black
1116,46616,Black
1117,46617,Black
1118,46618,Black
1119,46619,Black
1120,46620,Black
1121,44738,Black
1122,44739,Black
1123,44740,Black
1124,44741,Black
1125,44742,Black
1126,44743,Black
1127,44744,Black
1128,1786,Black
1129,1787,Black
1130,1788,Black
1131,1789,Black
1132,1790,Black
1133,1791,Black
1134,1792,Black
1135,127,Black
1136,128,Black
1137,129,Black
1138,130,Black
1139,131,Black
1140,132,Black
1141,133,Black
1142,1933,Black
1143,1934,Black
1144,1935,Black
1145,1936,Black
1146,1937,Black
1147,1938,Black
1148,1939,Black
1149,46467,Black
1150,46468,Black
1151,46469,Black
1152,46470,Black
1153,46471,Black
1154,46472,Black
1155,46473,Black
1156,44808,Black
1157,44809,Black
1158,44810,Black
1159,44811,Black
1160,44812,Black
1161,44813,Black
1162,44814,Black
1163,46614,Black
1164,46615,Black
1165,46616,Black
1166,46617,Black
1167,46618,Black
1168,46619,Black
1169,46620,Black
1170,44738,Black
1171,44739,Black
1172,44740,Black
1173,44741,Black
1174,44742,Black
1175,44743,Black
1176,44744,Black
1177,1786,Black
1178,1787,Black
1179,1788,Black
1180,1789,Black
1181,1790,Black
1182,1791,Black
1183,1792,Black
1184,127,Black
1185,128,Black
1186,129,Black
1187,130,Black
1188,131,Black
1189,132,Black
1190,133,Black
1191,1933,Black
1192,1934,Black
1193,1935,Black
1194,1936,Black
1195,1937,Black
1196,1938,Black
1197,1939,Black
1198,46467,Black
1199,46468,Black
1200,46469,Black
1201,46470,Black
1202,46471,Black
1203,46472,Black
1204,46473,Black
1205,44808,Black
1206,44809,Black
1207,44810,Black
1208,44811,Black
1209,44812,Black
1210,44813,Black
1211,44814,Black
1212,46614,Black
1213,46615,Black
1214,46616,Black
1215,46617,Black
1216,46618,Black
1217,46619,Black
1218,46620,Black
1219,44738,Black
1220,44739,Black
1221,44740,Black
1222,44741,Black
1223,44742,Black
1224,44743,Black
1225,44744,Black
1226,1786,Black
1227,1787,Black
1228,1788,Black
1229,1789,Black
1230,1790,Black
1231,1791,Black
1232,1792,Black
1233,127,Black
1234,128,Black
1235,129,Black
1236,130,Black
1237,131,Black
1238,132,Black
1239,133,Black
1240,1933,Black
1241,1934,Black
1242,1935,Black
1243,1936,Black
1244,1937,Black
1245,1938,Black
1246,1939,Black
1247,46467,Black
1248,46468,Black
1249,46469,Black
1250,46470,Black
1251,46471,Black
1252,46472,Black
1253,46473,Black
1254,44808,Black
1255,44809,Black
1256,44810,Black
1257,44811,Black
1258,44812,Black
1259,44813,Black
1260,44814,Black
1261,46614,Black
1262,46615,Black
1263,46616,Black
1264,46617,Black
1265,46618,Black
1266,46619,Black
1267,46620,Black
1268,44738,Black
1269,44739,Black
1270,44740,Black
1271,44741,Black
1272,44742,Black
1273,44743,Black
1274,44744,Black
1275,1786,Black
1276,1787,Black
1277,1788,Black
1278,1789,Black
1279,1790,Black
1280,1791,Black
1281,1792,Black
1282,127,Black
1283,128,Black
1284,129,Black
1285,130,Black
1286,131,Black
1287,132,Black
1288,133,Black
1289,1933,Black
1290,1934,Black
1291,1935,Black
1292,1936,Black
1293,1937,Black
1294,1938,Black
1295,1939,Black
1296,46467,Black
1297,46468,Black
1298,46469,Black
1299,46470,Black
1300,46471,Black
1301,46472,Black
1302,46473,Black
1303,44808,Black
1304,44809,Black
1305,44810,Black
1306,44811,Black
1307,44812,Black
1308,44813,Black
1309,44814,Black
1310,46614,Black
1311,46615,Black
1312,46616,Black
1313,46617,Black
1314,46618,Black
1315,46619,Black
1316,46620,Black
1317,44738,Black
1318,44739,Black
1319,44740,Black
1320,44741,Black
1321,44742,Black
1322,44743,Black
1323,44744,Black
1324,1786,Black
1325,1787,Black
1326,1788,Black
1327,1789,Black
1328,1790,Black
1329,1791,Black
1330,1792,Black
1331,127,Black
1332,128,Black
1333,129,Black
1334,130,Black
1335,131,Black
1336,132,Black
1337,133,Black
1338,1933,Black
1339,1934,Black
1340,1935,Black
1341,1936,Black
1342,1937,Black
1343,1938,Black
1344,1939,Black
1345,46467,Black
1346,46468,Black
1347,46469,Black
1348,46470,Black
1349,46471,Black
1350,46472,Black
1351,46473,Black
1352,44808,Black
1353,44809,Black
1354,44810,Black
1355,44811,Black
1356,44812,Black
1357,44813,Black
1358,44814,Black
1359,46614,Black
1360,46615,Black
1361,46616,Black
1362,46617,Black
1363,46618,Black
1364,46619,Black
1365,46620,Black
1366,44738,Black
1367,44739,Black
1368,44740,Black
1369,44741,Black
1370,44742,Black
1371,44743,Black
1372,44744,Black
1373,1786,Black
1374,1787,Black
1375,1788,Black
1376,1789,Black
1377,1790,Black
1378,1791,Black
1379,1792,Black
1380,127,Black
1381,128,Black
1382,129,Black
1383,130,Black
1384,131,Black
1385,132,Black
1386,133,Black
1387,1933,Black
1388,1934,Black
1389,1935,Black
1390,1936,Black
1391,1937,Black
1392,1938,Black
1393,1939,Black
1394,46467,Black
1395,46468,Black
1396,46469,Black
1397,46470,Black
1398,46471,Black
1399,46472,Black
1400,46473,Black
1401,44808,Black
1402,44809,Black
1403,44810,Black
1404,44811,Black
1405,44812,Black
1406,44813,Black
1407,44814,Black
1408,46614,Black
1409,46615,Black
1410,46616,Black
1411,46617,Black
1412,46618,Black
1413,46619,Black
1414,46620,Black
1415,44738,Black
1416,44739,Black
1417,44740,Black
1418,44741,Black
1419,44742,Black
1420,44743,Black
1421,44744,Black
1422,1786,Black
1423,1787,Black
1424,1788,Black
1425,1789,Black
1426,1790,Black
1427,1791,Black
1428,1792,Black
1429,127,Black
1430,128,Black
1431,129,Black
1432,130,Black
1433,131,Black
1434,132,Black
1435,133,Black
1436,1933,Black
1437,1934,Black
1438,1935,Black
1439,1936,Black
1440,1937,Black
1441,1938,Black
1442,1939,Black
1443,46467,Black
1444,46468,Black
1445,46469,Black
1446,46470,Black
1447,46471,Black
1448,46472,Black
1449,46473,Black
1450,44808,Black
1451,44809,Black
1452,44810,Black
1453,44811,Black
1454,44812,Black
1455,44813,Black
1456,44814,Black
1457,46614,Black
1458,46615,Black
1459,46616,Black
1460,46617,Black
1461,46618,Black
1462,46619,Black
1463,46620,Black
1464,44738,Black
1465,44739,Black
1466,44740,Black
1467,44741,Black
1468,44742,Black
1469,44743,Black
1470,44744,Black
1471,1786,Black
1472,1787,Black
1473,1788,Black
1474,1789,Black
1475,1790,Black
1476,1791,Black
1477,1792,Black
1478,127,Black
1479,128,Black
1480,129,Black
1481,130,Black
1482,131,Black
1483,132,Black
1484,133,Black
1485,1933,Black
1486,1934,Black
1487,1935,Black
1488,1936,Black
1489,1937,Black
1490,1938,Black
1491,1939,Black
1492,46467,Black
1493,46468,Black
1494,46469,Black
1495,46470,Black
1496,46471,Black
1497,46472,Black
1498,46473,Black
1499,44808,Black
1500,44809,Black
1501,44810,Black
1502,44811,Black
1503,44812,Black
1504,44813,Black
1505,44814,Black
1506,46614,Black
1507,46615,Black
1508,46616,Black
1509,46617,Black
1510,46618,Black
1511,46619,Black
1512,46620,Black
1513,44738,Black
1514,44739,Black
1515,44740,Black
1516,44741,Black
1517,44742,Black
1518,44743,Black
1519,44744,Black
1520,1786,Black
1521,1787,Black
1522,1788,Black
1523,1789,Black
1524,1790,Black
1525,1791,Black
1526,1792,Black
1527,127,Black
1528,128,Black
1529,129,Black
1530,130,Black
1531,131,Black
1532,132,Black
1533,133,Black
1534,1933,Black
1535,1934,Black
1536,1935,Black
1537,1936,Black
1538,1937,Black
1539,1938,Black
1540,1939,Black
1541,46467,Black
1542,46468,Black
1543,46469,Black
1544,46470,Black
1545,46471,Black
1546,46472,Black
1547,46473,Black
1548,44808,Black
1549,44809,Black
1550,44810,Black
1551,44811,Black
1552,44812,Black
1553,44813,Black
1554,44814,Black
1555,46614,Black
1556,46615,Black
1557,46616,Black
1558,46617,Black
1559,46618,Black
1560,46619,Black
1561,46620,Black
1562,44738,Black
1563,44739,Black
1564,44740,Black
1565,44741,Black
1566,44742,Black
1567,44743,Black
1568,44744,Black
1569,1786,Black
1570,1787,Black
1571,1788,Black
1572,1789,Black
1573,1790,Black
1574,1791,Black
1575,1792,Black
1576,127,Black
1577,128,Black
1578,129,Black
1579,130,Black
1580,131,Black
1581,132,Black
1582,133,Black
1583,1933,Black
1584,1934,Black
1585,1935,Black
1586,1936,Black
1587,1937,Black
1588,1938,Black
1589,1939,Black
1590,46467,Black
1591,46468,Black
1592,46469,Black
1593,46470,Black
1594,46471,Black
1595,46472,Black
1596,46473,Black
1597,44808,Black
1598,44809,Black
1599,44810,Black
1600,44811,Black
1601,44812,Black
1602,44813,Black
1603,44814,Black
1604,46614,Black
1605,46615,Black
1606,46616,Black
1607,46617,Black
1608,46618,Black
1609,46619,Black
1610,46620,Black
1611,44738,Black
1612,44739,Black
1613,44740,Black
1614,44741,Black
1615,44742,Black
1616,44743,Black
1617,44744,Black
1618,1786,Black
1619,1787,Black
1620,1788,Black
1621,1789,Black
1622,1790,Black
1623,1791,Black
1624,1792,Black
1625,127,Black
1626,128,Black
1627,129,Black
1628,130,Black
1629,131,Black
1630,132,Black
1631,133,Black
1632,1933,Black
1633,1934,Black
1634,1935,Black
1635,1936,Black
1636,1937,Black
1637,1938,Black
1638,1939,Black
1639,46467,Black
1640,46468,Black
1641,46469,Black
1642,46470,Black
1643,46471,Black
1644,46472,Black
1645,46473,Black
1646,44808,Black
1647,44809,Black
1648,44810,Black
1649,44811,Black
1650,44812,Black
1651,44813,Black
1652,44814,Black
1653,46614,Black
1654,46615,Black
1655,46616,Black
1656,46617,Black
1657,46618,Black
1658,46619,Black
1659,46620,Black
1660,44738,Black
1661,44739,Black
1662,44740,Black
1663,44741,Black
1664,44742,Black
1665,44743,Black
1666,44744,Black
1667,1786,Black
1668,1787,Black
1669,1788,Black
1670,1789,Black
1671,1790,Black
1672,1791,Black
1673,1792,Black
1674,127,Black
1675,128,Black
1676,129,Black
1677,130,Black
1678,131,Black
1679,132,Black
1680,133,Black
1681,1933,Black
1682,1934,Black
1683,1935,Black
1684,1936,Black
1685,1937,Black
1686,1938,Black
1687,1939,Black
1688,46467,Black
1689,46468,Black
1690,46469,Black
1691,46470,Black
1692,46471,Black
1693,46472,Black
1694,46473,Black
1695,44808,Black
1696,44809,Black
1697,44810,Black
1698,44811,Black
1699,44812,Black
1700,44813,Black
1701,44814,Black
1702,46614,Black
1703,46615,Black
1704,46616,Black
1705,46617,Black
1706,46618,Black
1707,46619,Black
1708,46620,Black
1709,44738,Black
1710,44739,Black
1711,44740,Black
1712,44741,Black
1713,44742,Black
1714,44743,Black
1715,44744,Black
1716,1786,Black
1717,1787,Black
1718,1788,Black
1719,1789,Black
1720,1790,Black
1721,1791,Black
1722,1792,Black
1723,127,Black
1724,128,Black
1725,129,Black
1726,130,Black
1727,131,Black
1728,132,Black
1729,133,Black
1730,1933,Black
1731,1934,Black
1732,1935,Black
1733,1936,Black
1734,1937,Black
1735,1938,Black
1736,1939,Black
1737,46467,Black
1738,46468,Black
1739,46469,Black
1740,46470,Black
1741,46471,Black
1742,46472,Black
1743,46473,Black
1744,44808,Black
1745,44809,Black
1746,44810,Black
1747,44811,Black
1748,44812,Black
1749,44813,Black
1750,44814,Black
1751,46614,Black
1752,46615,Black
1753,46616,Black
1754,46617,Black
1755,46618,Black
1756,46619,Black
1757,46620,Black
1758,44738,Black
1759,44739,Black
1760,44740,Black
1761,44741,Black
1762,44742,Black
1763,44743,Black
1764,44744,Black
1765,1786,Black
1766,1787,Black
1767,1788,Black
1768,1789,Black
1769,1790,Black
1770,1791,Black
1771,1792,Black
1772,127,Black
1773,128,Black
1774,129,Black
1775,130,Black
1776,131,Black
1777,132,Black
1778,133,Black
1779,1933,Black
1780,1934,Black
1781,1935,Black
1782,1936,Black
1783,1937,Black
1784,1938,Black
1785,1939,Black
1786,46467,Black
1787,46468,Black
1788,46469,Black
1789,46470,Black
1790,46471,Black
1791,46472,Black
1792,46473,Black
1793,44808,Black
1794,44809,Black
1795,44810,Black
1796,44811,Black
1797,44812,Black
1798,44813,Black
1799,44814,Black
1800,46614,Black
1801,46615,Black
1802,46616,Black
1803,46617,Black
1804,46618,Black
1805,46619,Black
1806,46620,Black
1807,44738,Black
1808,44739,Black
1809,44740,Black
1810,44741,Black
1811,44742,Black
1812,44743,Black
1813,44744,Black
1814,1786,Black
1815,1787,Black
1816,1788,Black
1817,1789,Black
1818,1790,Black
1819,1791,Black
1820,1792,Black
1821,127,Black
1822,128,Black
1823,129,Black
1824,130,Black
1825,131,Black
1826,132,Black
1827,133,Black
1828,1933,Black
1829,1934,Black
1830,1935,Black
1831,1936,Black
1832,1937,Black
1833,1938,Black
1834,1939,Black
1835,46467,Black
1836,46468,Black
1837,46469,Black
1838,46470,Black
1839,46471,Black
1840,46472,Black
1841,46473,Black
1842,44808,Black
1843,44809,Black
1844,44810,Black
1845,44811,Black
1846,44812,Black
1847,44813,Black
1848,44814,Black
1849,46614,Black
1850,46615,Black
1851,46616,Black
1852,46617,Black
1853,46618,Black
1854,46619,Black
1855,46620,Black
1856,44738,Black
1857,44739,Black
1858,44740,Black
1859,44741,Black
1860,44742,Black
1861,44743,Black
1862,44744,Black
1863,1786,Black
1864,1787,Black
1865,1788,Black
1866,1789,Black
1867,1790,Black
1868,1791,Black
1869,1792,Black
1870,127,Black
1871,128,Black
1872,129,Black
1873,130,Black
1874,131,Black
1875,132,Black
1876,133,Black
1877,1933,Black
1878,1934,Black
1879,1935,Black
1880,1936,Black
1881,1937,Black
1882,1938,Black
1883,1939,Black
1884,46467,Black
1885,46468,Black
1886,46469,Black
1887,46470,Black
1888,46471,Black
1889,46472,Black
1890,46473,Black
1891,44808,Black
1892,44809,Black
1893,44810,Black
1894,44811,Black
1895,44812,Black
1896,44813,Black
1897,44814,Black
1898,46614,Black
1899,46615,Black
1900,46616,Black
1901,46617,Black
1902,46618,Black
1903,46619,Black
1904,46620,Black
1905,44738,Black
1906,44739,Black
1907,44740,Black
1908,44741,Black
1909,44742,Black
1910,44743,Black
1911,44744,Black
1912,1786,Black
1913,1787,Black
1914,1788,Black
1915,1789,Black
1916,1790,Black
1917,1791,Black
1918,1792,Black
1919,127,Black
1920,128,Black
1921,129,Black
1922,130,Black
1923,131,Black
1924,132,Black
1925,133,Black
1926,1933,Black
1927,1934,Black
1928,1935,Black
1929,1936,Black
1930,1937,Black
1931,1938,Black
1932,1939,Black
1933,46467,Black
1934,46468,Black
1935,46469,Black
1936,46470,Black
1937,46471,Black
1938,46472,Black
1939,46473,Black
1940,44808,Black
1941,44809,Black
1942,44810,Black
1943,44811,Black
1944,44812,Black
1945,44813,Black
1946,44814,Black
1947,46614,Black
1948,46615,Black
1949,46616,Black
1950,46617,Black
1951,46618,Black
1952,46619,Black
1953,46620,Black
1954,44738,Black
1955,44739,Black
1956,44740,Black
1957,44741,Black
1958,44742,Black
1959,44743,Black
1960,44744,Black
1961,1786,Black
1962,1787,Black
1963,1788,Black
1964,1789,Black
1965,1790,Black
1966,1791,Black
1967,1792,Black
1968,127,Black
1969,128,Black
1970,129,Black
1971,130,Black
1972,131,Black
1973,132,Black
1974,133,Black
1975,1933,Black
1976,1934,Black
1977,1935,Black
1978,1936,Black
1979,1937,Black
1980,1938,Black
1981,1939,Black
1982,46467,Black
1983,46468,Black
1984,46469,Black
1985,46470,Black
1986,46471,Black
1987,46472,Black
1988,46473,Black
1989,44808,Black
1990,44809,Black
1991,44810,Black
1992,44811,Black
1993,44812,Black
1994,44813,Black
1995,44814,Black
1996,46614,Black
1997,46615,Black
1998,46616,Black
1999,46617,Black
2000,46618,Black
2001,46619,Black
2002,46620,Black
2003,44738,Black
2004,44739,Black
2005,44740,Black
2006,44741,Black
2007,44742,Black
2008,44743,Black
2009,44744,Black
2010,1786,Black
2011,1787,Black
2012,1788,Black
2013,1789,Black
2014,1790,Black
2015,1791,Black
2016,1792,Black
2017,127,Black
2018,128,Black
2019,129,Black
2020,130,Black
2021,131,Black
2022,132,Black
2023,133,Black
2024,1933,Black
2025,1934,Black
2026,1935,Black
2027,1936,Black
2028,1937,Black
2029,1938,Black
2030,1939,Black
2031,46467,Black
2032,46468,Black
2033,46469,Black
2034,46470,Black
2035,46471,Black
2036,46472,Black
2037,46473,Black
2038,44808,Black
2039,44809,Black
2040,44810,Black
2041,44811,Black
2042,44812,Black
2043,44813,Black
2044,44814,Black
2045,46614,Black
2046,46615,Black
2047,46616,Black
2048,46617,Black
2049,46618,Black
2050,46619,Black
2051,46620,Black
2052,44738,Black
2053,44739,Black
2054,44740,Black
2055,44741,Black
2056,44742,Black
2057,44743,Black
2058,44744,Black
2059,1786,Black
2060,1787,Black
2061,1788,Black
2062,1789,Black
2063,1790,Black
2064,1791,Black
2065,1792,Black
2066,127,Black
2067,128,Black
2068,129,Black
2069,130,Black
2070,131,Black
2071,132,Black
2072,133,Black
2073,1933,Black
2074,1934,Black
2075,1935,Black
2076,1936,Black
2077,1937,Black
2078,1938,Black
2079,1939,Black
2080,46467,Black
2081,46468,Black
2082,46469,Black
2083,46470,Black
2084,46471,Black
2085,46472,Black
2086,46473,Black
2087,44808,Black
2088,44809,Black
2089,44810,Black
2090,44811,Black
2091,44812,Black
2092,44813,Black
2093,44814,Black
2094,46614,Black
2095,46615,Black
2096,46616,Black
2097,46617,Black
2098,46618,Black
2099,46619,Black
2100,46620,Black
2101,44738,Black
2102,44739,Black
2103,44740,Black
2104,44741,Black
2105,44742,Black
2106,44743,Black
2107,44744,Black
2108,1786,Black
2109,1787,Black
2110,1788,Black
2111,1789,Black
2112,1790,Black
2113,1791,Black
2114,1792,Black
2115,127,Black
2116,128,Black
2117,129,Black
2118,130,Black
2119,131,Black
2120,132,Black
2121,133,Black
2122,1933,Black
2123,1934,Black
2124,1935,Black
2125,1936,Black
2126,1937,Black
2127,1938,Black
2128,1939,Black
2129,46467,Black
2130,46468,Black
2131,46469,Black
2132,46470,Black
2133,46471,Black
2134,46472,Black
2135,46473,Black
2136,44808,Black
2137,44809,Black
2138,44810,Black
2139,44811,Black
2140,44812,Black
2141,44813,Black
2142,44814,Black
2143,46614,Black
2144,46615,Black
2145,46616,Black
2146,46617,Black
2147,46618,Black
2148,46619,Black
2149,46620,Black
2150,44738,Black
2151,44739,Black
2152,44740,Black
2153,44741,Black
2154,44742,Black
2155,44743,Black
2156,44744,Black
2157,1786,Black
2158,1787,Black
2159,1788,Black
2160,1789,Black
2161,1790,Black
2162,1791,Black
2163,1792,Black
2164,127,Black
2165,128,Black
2166,129,Black
2167,130,Black
2168,131,Black
2169,132,Black
2170,133,Black
2171,1933,Black
2172,1934,Black
2173,1935,Black
2174,1936,Black
2175,1937,Black
2176,1938,Black
2177,1939,Black
2178,46467,Black
2179,46468,Black
2180,46469,Black
2181,46470,Black
2182,46471,Black
2183,46472,Black
2184,46473,Black
2185,44808,Black
2186,44809,Black
2187,44810,Black
2188,44811,Black
2189,44812,Black
2190,44813,Black
2191,44814,Black
2192,46614,Black
2193,46615,Black
2194,46616,Black
2195,46617,Black
2196,46618,Black
2197,46619,Black
2198,46620,Black
2199,44738,Black
2200,44739,Black
2201,44740,Black
2202,44741,Black
2203,44742,Black
2204,44743,Black
2205,44744,Black
2206,1786,Black
2207,1787,Black
2208,1788,Black
2209,1789,Black
2210,1790,Black
2211,1791,Black
2212,1792,Black
2213,127,Black
2214,128,Black
2215,129,Black
2216,130,Black
2217,131,Black
2218,132,Black
2219,133,Black
2220,1933,Black
2221,1934,Black
2222,1935,Black
2223,1936,Black
2224,1937,Black
2225,1938,Black
2226,1939,Black
2227,46467,Black
2228,46468,Black
2229,46469,Black
2230,46470,Black
2231,46471,Black
2232,46472,Black
2233,46473,Black
2234,44808,Black
2235,44809,Black
2236,44810,Black
2237,44811,Black
2238,44812,Black
2239,44813,Black
2240,44814,Black
2241,46614,Black
2242,46615,Black
2243,46616,Black
2244,46617,Black
2245,46618,Black
2246,46619,Black
2247,46620,Black
2248,44738,Black
2249,44739,Black
2250,44740,Black
2251,44741,Black
2252,44742,Black
2253,44743,Black
2254,44744,Black
2255,1786,Black
2256,1787,Black
2257,1788,Black
2258,1789,Black
2259,1790,Black
2260,1791,Black
2261,1792,Black
2262,127,Black
2263,128,Black
2264,129,Black
2265,130,Black
2266,131,Black
2267,132,Black
2268,133,Black
2269,1933,Black
2270,1934,Black
2271,1935,Black
2272,1936,Black
2273,1937,Black
2274,1938,Black
2275,1939,Black
2276,46467,Black
2277,46468,Black
2278,46469,Black
2279,46470,Black
2280,46471,Black
2281,46472,Black
2282,46473,Black
2283,44808,Black
2284,44809,Black
2285,44810,Black
2286,44811,Black
2287,44812,Black
2288,44813,Black
2289,44814,Black
2290,46614,Black
2291,46615,Black
2292,46616,Black
2293,46617,Black
2294,46618,Black
2295,46619,Black
2296,46620,Black
2297,44738,Black
2298,44739,Black
2299,44740,Black
2300,44741,Black
2301,44742,Black
2302,44743,Black
2303,44744,Black
2304,1786,Black
2305,1787,Black
2306,1788,Black
2307,1789,Black
2308,1790,Black
2309,1791,Black
2310,1792,Black
2311,127,Black
2312,128,Black
2313,129,Black
2314,130,Black
2315,131,Black
2316,132,Black
2317,133,Black
2318,1933,Black
2319,1934,Black
2320,1935,Black
2321,1936,Black
2322,1937,Black
2323,1938,Black
2324,1939,Black
2325,46467,Black
2326,46468,Black
2327,46469,Black
2328,46470,Black
2329,46471,Black
2330,46472,Black
2331,46473,Black
2332,44808,Black
2333,44809,Black
2334,44810,Black
2335,44811,Black
2336,44812,Black
2337,44813,Black
2338,44814,Black
2339,46614,Black
2340,46615,Black
2341,46616,Black
2342,46617,Black
2343,46618,Black
2344,46619,Black
2345,46620,Black
2346,44738,Black
2347,44739,Black
2348,44740,Black
2349,44741,Black
2350,44742,Black
2351,44743,Black
2352,44744,Black
2353,1786,Black
2354,1787,Black
2355,1788,Black
2356,1789,Black
2357,1790,Black
2358,1791,Black
2359,1792,Black
2360,127,Black
2361,128,Black
2362,129,Black
2363,130,Black
2364,131,Black
2365,132,Black
2366,133,Black
2367,1933,Black
2368,1934,Black
2369,1935,Black
2370,1936,Black
2371,1937,Black
2372,1938,Black
2373,1939,Black
2374,46467,Black
2375,46468,Black
2376,46469,Black
2377,46470,Black
2378,46471,Black
2379,46472,Black
2380,46473,Black
2381,44808,Black
2382,44809,Black
2383,44810,Black
2384,44811,Black
2385,44812,Black
2386,44813,Black
2387,44814,Black
2388,46614,Black
2389,46615,Black
2390,46616,Black
2391,46617,Black
2392,46618,Black
2393,46619,Black
2394,46620,Black
2395,44738,Black
2396,44739,Black
2397,44740,Black
2398,44741,Black
2399,44742,Black
2400,44743,Black
2401,44744,Black
2402,1786,Black
2403,1787,Black
2404,1788,Black
2405,1789,Black
2406,1790,Black
2407,1791,Black
2408,1792,Black
2409,127,Black
2410,128,Black
2411,129,Black
2412,130,Black
2413,131,Black
2414,132,Black
2415,133,Black
2416,1933,Black
2417,1934,Black
2418,1935,Black
2419,1936,Black
2420,1937,Black
2421,1938,Black
2422,1939,Black
2423,46467,Black
2424,46468,Black
2425,46469,Black
2426,46470,Black
2427,46471,Black
2428,46472,Black
2429,46473,Black
2430,44808,Black
2431,44809,Black
2432,44810,Black
2433,44811,Black
2434,44812,Black
2435,44813,Black
2436,44814,Black
2437,46614,Black
2438,46615,Black
2439,46616,Black
2440,46617,Black
2441,46618,Black
2442,46619,Black
2443,46620,Black
2444,44738,Black
2445,44739,Black
2446,44740,Black
2447,44741,Black
2448,44742,Black
2449,44743,Black
2450,44744,Black
2451,1786,Black
2452,1787,Black
2453,1788,Black
2454,1789,Black
2455,1790,Black
2456,1791,Black
2457,1792,Black
2458,127,Black
2459,128,Black
2460,129,Black
2461,130,Black
2462,131,Black
2463,132,Black
2464,133,Black
2465,1933,Black
2466,1934,Black
2467,1935,Black
2468,1936,Black
2469,1937,Black
2470,1938,Black
2471,1939,Black
2472,46467,Black
2473,46468,Black
2474,46469,Black
2475,46470,Black
2476,46471,Black
2477,46472,Black
2478,46473,Black
2479,44808,Black
2480,44809,Black
2481,44810,Black
2482,44811,Black
2483,44812,Black
2484,44813,Black
2485,44814,Black
2486,46614,Black
2487,46615,Black
2488,46616,Black
2489,46617,Black
2490,46618,Black
2491,46619,Black
2492,46620,Black
2493,44738,Black
2494,44739,Black
2495,44740,Black
2496,44741,Black
2497,44742,Black
2498,44743,Black
2499,44744,Black
2500,1786,Black